timestamp,job_id,tree_id,candidate_id,quality_score,occupancy,sharpness,contrast,brightness,raw_predicted_class,raw_confidence,prototype_distance,prototype_z,energy,energy_z,combined_unknownness,threshold,decision_margin,open_set_rejected,consensus_status,final_species
2026-08-07T12:20:01.587101,4d8cc6fb-4335-4c08-bcb7-ae135266b861,1,3,0.8891,0.8471,4955.67,59.91,176.04,rubber,0.9289,0.099,-0.2242,-2.5596,0.5268,-0.2242,-0.5624,0.3382,True,open_set_rejected,Unknown / Unrecognized species
2026-08-07T12:20:01.589302,4d8cc6fb-4335-4c08-bcb7-ae135266b861,1,4,0.8607,0.7677,5192.96,61.69,176.8,rubber,0.9271,0.0983,-0.2283,-2.5646,0.5135,-0.2283,-0.5624,0.3341,True,open_set_rejected,Unknown / Unrecognized species
2026-08-07T12:20:01.590145,4d8cc6fb-4335-4c08-bcb7-ae135266b861,1,5,0.803,0.7249,3377.13,52.56,192.02,rubber,0.9149,0.1258,-0.055,-2.4739,0.7548,-0.055,-0.5624,0.5075,True,open_set_rejected,Unknown / Unrecognized species
2026-08-07T12:20:01.590145,4d8cc6fb-4335-4c08-bcb7-ae135266b861,2,4,0.8948,0.8437,5435.67,63.99,170.42,rubber,0.9299,0.0993,-0.2225,-2.5841,0.4616,-0.2225,-0.5624,0.3399,True,open_set_rejected,Unknown / Unrecognized species
2026-08-07T12:20:01.590691,4d8cc6fb-4335-4c08-bcb7-ae135266b861,2,5,0.8766,0.8066,5241.78,64.04,174.84,rubber,0.9391,0.0723,-0.3929,-2.6753,0.2189,-0.3929,-0.5624,0.1695,True,open_set_rejected,Unknown / Unrecognized species
2026-08-07T12:20:01.591212,4d8cc6fb-4335-4c08-bcb7-ae135266b861,2,6,0.8275,0.8326,3400.27,49.21,193.75,rubber,0.6502,0.5141,2.4014,-1.9445,2.1636,2.4014,-0.5624,2.9638,True,open_set_rejected,Unknown / Unrecognized species
2026-08-07T12:20:01.591212,4d8cc6fb-4335-4c08-bcb7-ae135266b861,4,6,0.8904,0.9173,4199.64,53.62,177.99,rubber,0.8815,0.2466,0.7096,-2.2628,1.3165,0.7096,-0.5624,1.272,True,open_set_rejected,Unknown / Unrecognized species
2026-08-07T12:20:01.591212,4d8cc6fb-4335-4c08-bcb7-ae135266b861,4,5,0.8608,0.8295,4019.42,53.33,176.2,rubber,0.9518,0.0541,-0.5084,-2.7406,0.0452,-0.5084,-0.5624,0.054,True,open_set_rejected,Unknown / Unrecognized species
2026-08-07T12:20:01.591212,4d8cc6fb-4335-4c08-bcb7-ae135266b861,4,3,0.8403,0.7315,2380.22,53.03,163.66,rubber,0.9527,0.075,-0.3759,-2.8197,-0.1651,-0.3759,-0.5624,0.1865,True,open_set_rejected,Unknown / Unrecognized species
2026-08-07T12:20:01.591212,4d8cc6fb-4335-4c08-bcb7-ae135266b861,7,5,0.7749,0.4005,6490.09,66.77,114.5,teak,0.6827,0.4289,1.8621,-1.8934,2.2994,1.8621,-0.5624,2.4245,True,open_set_rejected,Unknown / Unrecognized species
2026-08-07T12:20:01.591212,4d8cc6fb-4335-4c08-bcb7-ae135266b861,8,4,0.9698,0.9221,6251.21,67.96,129.97,rubber,0.8772,0.2677,0.843,-2.2182,1.4353,0.843,-0.5624,1.4054,True,open_set_rejected,Unknown / Unrecognized species
2026-08-07T12:20:01.591212,4d8cc6fb-4335-4c08-bcb7-ae135266b861,8,3,0.968,0.9659,4865.29,68.05,144.55,rubber,0.8768,0.2418,0.6789,-2.24,1.3772,0.6789,-0.5624,1.2413,True,open_set_rejected,Unknown / Unrecognized species
2026-08-07T12:20:01.591212,4d8cc6fb-4335-4c08-bcb7-ae135266b861,8,2,0.9541,0.9291,4341.19,69.56,145.39,rubber,0.8626,0.2582,0.7829,-2.2075,1.4636,0.7829,-0.5624,1.3454,True,open_set_rejected,Unknown / Unrecognized species
2026-08-07T12:20:01.593285,4d8cc6fb-4335-4c08-bcb7-ae135266b861,10,4,0.9735,0.9258,6479.01,68.59,127.98,rubber,0.7882,0.4075,1.7268,-2.0199,1.9628,1.7268,-0.5624,2.2892,True,open_set_rejected,Unknown / Unrecognized species
2026-08-07T12:20:01.593285,4d8cc6fb-4335-4c08-bcb7-ae135266b861,10,3,0.9614,0.956,5130.87,68.35,147.2,rubber,0.6193,0.6036,2.9672,-1.9071,2.2631,2.9672,-0.5624,3.5296,True,open_set_rejected,Unknown / Unrecognized species
2026-08-07T12:20:01.593285,4d8cc6fb-4335-4c08-bcb7-ae135266b861,10,2,0.956,0.947,4789.15,70.59,149.09,teak,0.8268,0.3077,1.0957,-2.3189,1.1672,1.0957,-0.5624,1.6582,True,open_set_rejected,Unknown / Unrecognized species
2026-08-07T12:20:01.593285,4d8cc6fb-4335-4c08-bcb7-ae135266b861,11,6,0.9349,0.8508,5205.43,66.69,116.53,rubber,0.7993,0.3641,1.4522,-1.8872,2.3159,1.4522,-0.5624,2.0146,True,open_set_rejected,Unknown / Unrecognized species
2026-08-07T12:20:01.593285,4d8cc6fb-4335-4c08-bcb7-ae135266b861,11,5,0.9146,0.806,6266.42,65.66,112.61,rubber,0.7311,0.4598,2.0574,-1.8509,2.4126,2.0574,-0.5624,2.6199,True,open_set_rejected,Unknown / Unrecognized species
2026-08-07T12:20:01.593285,4d8cc6fb-4335-4c08-bcb7-ae135266b861,11,3,0.902,0.7412,5503.29,68.42,133.78,teak,0.6874,0.4546,2.0251,-1.9563,2.132,2.0251,-0.5624,2.5875,True,open_set_rejected,Unknown / Unrecognized species
2026-08-07T12:20:01.593285,4d8cc6fb-4335-4c08-bcb7-ae135266b861,12,6,0.904,0.7512,4766.52,66.36,119.92,rubber,0.6465,0.595,2.9125,-1.6987,2.8173,2.9125,-0.5624,3.4749,True,open_set_rejected,Unknown / Unrecognized species
2026-08-07T12:20:01.593285,4d8cc6fb-4335-4c08-bcb7-ae135266b861,12,5,0.821,0.5184,5226.71,64.94,118.62,teak,0.738,0.3915,1.6256,-1.9532,2.1403,1.6256,-0.5624,2.188,True,open_set_rejected,Unknown / Unrecognized species
2026-08-07T12:23:29.344124,feec23b3-2c07-4652-8d2f-5b2c0ac551c7,1,3,0.8891,0.8471,4955.67,59.91,176.04,rubber,0.9199,0.1145,-0.1265,-2.4937,0.7022,-0.1265,-0.5624,0.4359,True,open_set_rejected,Unknown / Unrecognized species
2026-08-07T12:23:29.344124,feec23b3-2c07-4652-8d2f-5b2c0ac551c7,1,4,0.8607,0.7677,5192.96,61.69,176.8,rubber,0.9178,0.1101,-0.1538,-2.5008,0.6832,-0.1538,-0.5624,0.4086,True,open_set_rejected,Unknown / Unrecognized species
2026-08-07T12:23:29.344124,feec23b3-2c07-4652-8d2f-5b2c0ac551c7,1,5,0.803,0.7249,3377.13,52.56,192.02,rubber,0.907,0.1363,0.0114,-2.4299,0.872,0.0114,-0.5624,0.5738,True,open_set_rejected,Unknown / Unrecognized species
2026-08-07T12:23:29.344124,feec23b3-2c07-4652-8d2f-5b2c0ac551c7,2,4,0.8948,0.8437,5435.67,63.99,170.42,rubber,0.9207,0.1129,-0.136,-2.5147,0.6464,-0.136,-0.5624,0.4264,True,open_set_rejected,Unknown / Unrecognized species
2026-08-07T12:23:29.347193,feec23b3-2c07-4652-8d2f-5b2c0ac551c7,2,5,0.8766,0.8066,5241.78,64.04,174.84,rubber,0.9327,0.0829,-0.3259,-2.6249,0.3532,-0.3259,-0.5624,0.2365,True,open_set_rejected,Unknown / Unrecognized species
2026-08-07T12:23:29.347193,feec23b3-2c07-4652-8d2f-5b2c0ac551c7,2,6,0.8275,0.8326,3400.27,49.21,193.75,rubber,0.6153,0.5484,2.6181,-1.9245,2.2166,2.6181,-0.5624,3.1805,True,open_set_rejected,Unknown / Unrecognized species
2026-08-07T12:23:29.347193,feec23b3-2c07-4652-8d2f-5b2c0ac551c7,4,6,0.8904,0.9173,4199.64,53.62,177.99,rubber,0.8816,0.2454,0.7018,-2.2629,1.3163,0.7018,-0.5624,1.2642,True,open_set_rejected,Unknown / Unrecognized species
2026-08-07T12:23:29.347193,feec23b3-2c07-4652-8d2f-5b2c0ac551c7,4,5,0.8608,0.8295,4019.42,53.33,176.2,rubber,0.9488,0.0573,-0.4881,-2.7034,0.1442,-0.4881,-0.5624,0.0743,True,open_set_rejected,Unknown / Unrecognized species
2026-08-07T12:23:29.347193,feec23b3-2c07-4652-8d2f-5b2c0ac551c7,4,3,0.8403,0.7315,2380.22,53.03,163.66,rubber,0.9505,0.0776,-0.3593,-2.7923,-0.0923,-0.3593,-0.5624,0.2031,True,open_set_rejected,Unknown / Unrecognized species
2026-08-07T12:23:29.347193,feec23b3-2c07-4652-8d2f-5b2c0ac551c7,7,5,0.7749,0.4005,6490.09,66.77,114.5,teak,0.726,0.3698,1.4885,-1.9381,2.1805,1.4885,-0.5624,2.0509,True,open_set_rejected,Unknown / Unrecognized species
2026-08-07T12:23:29.347193,feec23b3-2c07-4652-8d2f-5b2c0ac551c7,8,4,0.9698,0.9221,6251.21,67.96,129.97,rubber,0.8491,0.317,1.1543,-2.1124,1.7167,1.1543,-0.5624,1.7167,True,open_set_rejected,Unknown / Unrecognized species
2026-08-07T12:23:29.349201,feec23b3-2c07-4652-8d2f-5b2c0ac551c7,8,3,0.968,0.9659,4865.29,68.05,144.55,rubber,0.8584,0.2789,0.9133,-2.1781,1.5419,0.9133,-0.5624,1.4757,True,open_set_rejected,Unknown / Unrecognized species
2026-08-07T12:23:29.349201,feec23b3-2c07-4652-8d2f-5b2c0ac551c7,8,2,0.9541,0.9291,4341.19,69.56,145.39,rubber,0.8508,0.2822,0.9347,-2.1761,1.5472,0.9347,-0.5624,1.4971,True,open_set_rejected,Unknown / Unrecognized species
2026-08-07T12:23:29.349201,feec23b3-2c07-4652-8d2f-5b2c0ac551c7,10,4,0.9735,0.9258,6479.01,68.59,127.98,rubber,0.7716,0.4317,1.8801,-1.9962,2.026,1.8801,-0.5624,2.4425,True,open_set_rejected,Unknown / Unrecognized species
2026-08-07T12:23:29.349201,feec23b3-2c07-4652-8d2f-5b2c0ac551c7,10,3,0.9614,0.956,5130.87,68.35,147.2,rubber,0.5836,0.6384,3.1876,-1.8948,2.2957,3.1876,-0.5624,3.75,True,open_set_rejected,Unknown / Unrecognized species
2026-08-07T12:23:29.349201,feec23b3-2c07-4652-8d2f-5b2c0ac551c7,10,2,0.956,0.947,4789.15,70.59,149.09,teak,0.8511,0.2775,0.9048,-2.4114,0.9211,0.9048,-0.5624,1.4672,True,open_set_rejected,Unknown / Unrecognized species
2026-08-07T12:23:29.349201,feec23b3-2c07-4652-8d2f-5b2c0ac551c7,11,6,0.9349,0.8508,5205.43,66.69,116.53,rubber,0.7647,0.4138,1.7671,-1.8054,2.5335,1.7671,-0.5624,2.3295,True,open_set_rejected,Unknown / Unrecognized species
2026-08-07T12:23:29.350710,feec23b3-2c07-4652-8d2f-5b2c0ac551c7,11,5,0.9146,0.806,6266.42,65.66,112.61,rubber,0.6616,0.546,2.6029,-1.7404,2.7065,2.6029,-0.5624,3.1653,True,open_set_rejected,Unknown / Unrecognized species
2026-08-07T12:23:29.350710,feec23b3-2c07-4652-8d2f-5b2c0ac551c7,11,3,0.902,0.7412,5503.29,68.42,133.78,teak,0.7168,0.4297,1.8672,-2.0091,1.9916,1.8672,-0.5624,2.4296,True,open_set_rejected,Unknown / Unrecognized species
2026-08-07T12:23:29.351286,feec23b3-2c07-4652-8d2f-5b2c0ac551c7,12,6,0.904,0.7512,4766.52,66.36,119.92,rubber,0.5694,0.6805,3.4536,-1.6064,3.063,3.4536,-0.5624,4.0161,True,open_set_rejected,Unknown / Unrecognized species
2026-08-07T12:23:29.351286,feec23b3-2c07-4652-8d2f-5b2c0ac551c7,12,5,0.821,0.5184,5226.71,64.94,118.62,teak,0.7342,0.3514,1.3724,-1.865,2.3751,1.3724,-0.5624,1.9348,True,open_set_rejected,Unknown / Unrecognized species
2026-08-07T14:17:13.976784,a0a89153-dc61-4452-b729-2b0b55df1e24,1,6,0.8542,0.9948,1874.83,42.81,201.21,rubber,0.8527,0.0425,-0.0363,-2.1359,2.7651,0.1037,-0.0323,0.1361,True,uncertain,Uncertain
2026-08-07T14:17:13.977784,a0a89153-dc61-4452-b729-2b0b55df1e24,1,5,0.8412,0.9889,2110.88,40.06,202.69,rubber,0.9439,0.0043,-0.3964,-2.6469,1.0303,-0.325,-0.0323,-0.2927,False,uncertain,Uncertain
2026-08-07T14:17:13.977784,a0a89153-dc61-4452-b729-2b0b55df1e24,1,4,0.8215,0.9538,2069.87,38.41,204.3,teak,0.6805,0.1199,0.6942,-1.8775,3.6424,0.8416,-0.0323,0.8739,True,uncertain,Uncertain
2026-08-07T14:17:13.977784,a0a89153-dc61-4452-b729-2b0b55df1e24,2,6,0.839,0.9855,2042.19,39.93,203.15,rubber,0.9418,0.0029,-0.4089,-2.6038,1.1764,-0.3297,-0.0323,-0.2973,False,uncertain,Uncertain
2026-08-07T14:17:13.978793,a0a89153-dc61-4452-b729-2b0b55df1e24,2,5,0.838,0.9798,2209.12,39.99,202.5,rubber,0.8735,0.036,-0.0971,-2.1568,2.6941,0.0425,-0.0323,0.0748,True,uncertain,Uncertain
2026-08-07T14:17:13.978793,a0a89153-dc61-4452-b729-2b0b55df1e24,2,4,0.8177,0.9527,2078.96,37.35,204.21,rubber,0.6849,0.1247,0.7388,-1.7679,4.0145,0.9026,-0.0323,0.9349,True,uncertain,Uncertain
2026-08-07T14:17:13.978793,a0a89153-dc61-4452-b729-2b0b55df1e24,4,6,0.884,0.9107,4056.19,52.83,179.21,rubber,0.8005,0.0731,0.2523,-2.046,3.0705,0.3933,-0.0323,0.4256,True,known,rubber
2026-08-07T14:17:13.979786,a0a89153-dc61-4452-b729-2b0b55df1e24,4,5,0.8543,0.8158,3936.02,52.82,176.15,rubber,0.9512,0.0026,-0.4124,-2.7577,0.654,-0.3591,-0.0323,-0.3268,False,known,rubber
2026-08-07T14:17:13.979786,a0a89153-dc61-4452-b729-2b0b55df1e24,4,4,0.8288,0.7244,2565.06,53.15,171.62,rubber,0.9522,0.0021,-0.4167,-2.7738,0.5992,-0.3659,-0.0323,-0.3336,False,known,rubber
2026-08-07T14:17:13.979786,a0a89153-dc61-4452-b729-2b0b55df1e24,6,4,0.8405,0.5876,5245.11,63.34,114.63,teak,0.9008,0.0075,-0.3663,-2.4798,1.5975,-0.2681,-0.0323,-0.2358,False,known,teak
2026-08-07T14:17:13.980805,a0a89153-dc61-4452-b729-2b0b55df1e24,6,5,0.8387,0.5519,4534.91,65.15,123.68,teak,0.917,0.0049,-0.3902,-2.5959,1.2034,-0.3105,-0.0323,-0.2782,False,known,teak
2026-08-07T14:17:13.980805,a0a89153-dc61-4452-b729-2b0b55df1e24,6,3,0.8307,0.56,5858.96,63.4,114.49,teak,0.8425,0.0252,-0.1986,-2.1913,2.577,-0.0598,-0.0323,-0.0275,False,known,teak
2026-08-07T14:17:13.980805,a0a89153-dc61-4452-b729-2b0b55df1e24,7,6,0.8521,0.5948,4766.57,64.53,122.3,teak,0.9285,0.0033,-0.4058,-2.6778,0.9253,-0.3393,-0.0323,-0.307,False,known,teak
2026-08-07T14:17:13.981809,a0a89153-dc61-4452-b729-2b0b55df1e24,7,5,0.8404,0.5864,5393.75,63.59,114.92,teak,0.9109,0.0061,-0.3787,-2.5462,1.3722,-0.2911,-0.0323,-0.2588,False,known,teak
2026-08-07T14:17:13.981809,a0a89153-dc61-4452-b729-2b0b55df1e24,7,4,0.8381,0.5813,5985.47,63.35,114.45,teak,0.8334,0.0292,-0.1612,-2.1463,2.7298,-0.0166,-0.0323,0.0157,True,known,teak
2026-08-07T14:17:13.981809,a0a89153-dc61-4452-b729-2b0b55df1e24,8,4,0.9744,0.9556,5732.98,67.48,136.08,rubber,0.9001,0.0205,-0.2433,-2.328,2.113,-0.1255,-0.0323,-0.0932,False,known,rubber
2026-08-07T14:17:13.982405,a0a89153-dc61-4452-b729-2b0b55df1e24,8,3,0.9626,0.9606,4512.73,68.17,147.55,rubber,0.852,0.0472,0.0084,-2.2154,2.4953,0.1327,-0.0323,0.165,True,known,rubber
2026-08-07T14:17:13.982405,a0a89153-dc61-4452-b729-2b0b55df1e24,8,5,0.9573,0.8948,6693.47,67.58,122.5,rubber,0.9162,0.0152,-0.2937,-2.4188,1.8047,-0.1888,-0.0323,-0.1565,False,known,rubber
2026-08-07T14:17:13.983521,a0a89153-dc61-4452-b729-2b0b55df1e24,10,4,0.9711,0.9355,6179.85,68.63,132.86,rubber,0.6444,0.1686,1.1533,-1.876,3.6474,1.278,-0.0323,1.3103,True,open_set_rejected,Unknown / Unrecognized species
2026-08-07T14:17:13.983521,a0a89153-dc61-4452-b729-2b0b55df1e24,10,3,0.9601,0.9585,4974.79,68.83,149.1,teak,0.6392,0.1284,0.7743,-1.9742,3.314,0.9013,-0.0323,0.9336,True,open_set_rejected,Unknown / Unrecognized species
2026-08-07T14:17:13.983521,a0a89153-dc61-4452-b729-2b0b55df1e24,10,5,0.9588,0.9151,6727.75,67.31,117.71,rubber,0.5855,0.2063,1.5086,-1.7874,3.9482,1.6305,-0.0323,1.6629,True,open_set_rejected,Unknown / Unrecognized species
2026-08-07T14:17:13.983521,a0a89153-dc61-4452-b729-2b0b55df1e24,11,6,0.953,0.9012,4648.93,66.56,117.0,teak,0.5483,0.1299,0.7881,-1.6478,4.4222,0.9698,-0.0323,1.0021,True,open_set_rejected,Unknown / Unrecognized species
2026-08-07T14:17:13.984528,a0a89153-dc61-4452-b729-2b0b55df1e24,11,5,0.9439,0.8799,5375.46,65.5,115.51,rubber,0.5376,0.2326,1.7568,-1.7374,4.118,1.8748,-0.0323,1.9071,True,open_set_rejected,Unknown / Unrecognized species
2026-08-07T14:17:13.984528,a0a89153-dc61-4452-b729-2b0b55df1e24,11,1,0.9223,0.8125,5808.98,66.93,117.27,teak,0.7883,0.0492,0.0272,-2.0158,3.1729,0.1844,-0.0323,0.2168,True,open_set_rejected,Unknown / Unrecognized species
2026-08-07T14:17:13.985176,a0a89153-dc61-4452-b729-2b0b55df1e24,12,3,0.9527,0.9006,4873.75,64.47,116.9,teak,0.5989,0.124,0.7331,-1.7522,4.068,0.8999,-0.0323,0.9322,True,uncertain,Uncertain
2026-08-07T14:17:13.985682,a0a89153-dc61-4452-b729-2b0b55df1e24,12,4,0.94,0.8534,4314.04,65.95,120.14,teak,0.7998,0.0459,-0.0036,-2.0471,3.0665,0.1499,-0.0323,0.1822,True,uncertain,Uncertain
2026-08-07T14:17:13.985682,a0a89153-dc61-4452-b729-2b0b55df1e24,12,5,0.9307,0.8148,4112.31,68.08,123.67,teak,0.8935,0.0126,-0.3174,-2.4254,1.7823,-0.2124,-0.0323,-0.1801,False,uncertain,Uncertain
2026-08-07T14:21:36.629529,d91372ee-bb0d-4d0b-88fd-d84db9ce64ae,1,1,0.7552,0.6317,1870.74,38.2,90.74,rubber,0.9072,0.0191,-0.2561,-2.4188,1.8047,-0.1531,-0.0323,-0.1208,False,known,rubber
2026-08-07T14:21:36.631047,d91372ee-bb0d-4d0b-88fd-d84db9ce64ae,1,2,0.7515,0.6221,1942.9,32.98,105.24,rubber,0.9424,0.0026,-0.4119,-2.7249,0.7654,-0.353,-0.0323,-0.3207,False,known,rubber
2026-08-07T14:21:36.631047,d91372ee-bb0d-4d0b-88fd-d84db9ce64ae,1,3,0.7449,0.5794,1930.87,34.14,109.05,rubber,0.9449,0.0015,-0.4224,-2.7112,0.8117,-0.3607,-0.0323,-0.3283,False,known,rubber
2026-08-07T14:21:36.631047,d91372ee-bb0d-4d0b-88fd-d84db9ce64ae,2,2,0.8637,0.9938,3479.54,42.16,64.01,mahogany,0.9309,0.0005,-0.4314,-2.6864,0.8962,-0.3651,-0.0323,-0.3327,False,known,mahogany
2026-08-07T14:21:36.631047,d91372ee-bb0d-4d0b-88fd-d84db9ce64ae,2,3,0.8637,0.9912,3662.74,41.99,65.29,mahogany,0.9287,0.0007,-0.4299,-2.6733,0.9404,-0.3614,-0.0323,-0.3291,False,known,mahogany
2026-08-07T14:21:36.631047,d91372ee-bb0d-4d0b-88fd-d84db9ce64ae,2,4,0.8604,0.9959,3630.41,40.73,64.69,mahogany,0.9315,0.0007,-0.4297,-2.7009,0.8467,-0.3659,-0.0323,-0.3335,False,known,mahogany
2026-08-07T14:21:36.631047,d91372ee-bb0d-4d0b-88fd-d84db9ce64ae,3,4,0.8992,0.9956,2810.4,33.3,118.76,teak,0.9407,0.0009,-0.4283,-2.8783,0.2445,-0.3947,-0.0323,-0.3623,False,known,teak
2026-08-07T14:21:36.632524,d91372ee-bb0d-4d0b-88fd-d84db9ce64ae,3,5,0.897,0.9934,2757.57,32.16,120.83,teak,0.939,0.0007,-0.4303,-2.8623,0.299,-0.3938,-0.0323,-0.3615,False,known,teak
2026-08-07T14:21:36.632524,d91372ee-bb0d-4d0b-88fd-d84db9ce64ae,3,3,0.8937,0.9897,2867.8,33.21,116.1,teak,0.9396,0.0009,-0.4281,-2.8656,0.2877,-0.3923,-0.0323,-0.36,False,known,teak
2026-08-07T14:21:36.632524,d91372ee-bb0d-4d0b-88fd-d84db9ce64ae,4,2,0.8434,0.9873,2299.58,39.27,56.89,mahogany,0.9501,0.0005,-0.4314,-2.9214,0.0983,-0.4049,-0.0323,-0.3726,False,known,mahogany
2026-08-07T14:21:36.633529,d91372ee-bb0d-4d0b-88fd-d84db9ce64ae,4,3,0.8414,0.9932,2250.06,38.0,57.02,mahogany,0.954,0.0007,-0.43,-2.9831,-0.1113,-0.4141,-0.0323,-0.3817,False,known,mahogany
2026-08-07T14:21:36.633529,d91372ee-bb0d-4d0b-88fd-d84db9ce64ae,4,4,0.8358,0.9898,2191.87,37.05,55.98,mahogany,0.9556,0.001,-0.4272,-2.9837,-0.1135,-0.4115,-0.0323,-0.3792,False,known,mahogany
2026-08-07T14:23:43.218325,5e809b85-bbbc-4aa3-adb2-edf5487f5ce2,1,5,0.9258,0.9386,3536.36,47.82,117.19,teak,0.8628,0.0235,-0.2146,-2.3224,2.132,-0.0973,-0.0323,-0.065,False,known,teak
2026-08-07T14:23:43.218830,5e809b85-bbbc-4aa3-adb2-edf5487f5ce2,1,6,0.8843,0.9174,3678.87,42.68,102.82,teak,0.908,0.0093,-0.3491,-2.6018,1.1832,-0.2725,-0.0323,-0.2402,False,known,teak
2026-08-07T14:23:43.218830,5e809b85-bbbc-4aa3-adb2-edf5487f5ce2,1,4,0.8736,0.8594,2675.16,38.74,132.92,teak,0.7894,0.0479,0.0154,-2.0094,3.1946,0.1744,-0.0323,0.2067,True,known,teak
2026-08-07T14:23:43.218830,5e809b85-bbbc-4aa3-adb2-edf5487f5ce2,2,2,0.778,0.595,5674.12,51.65,82.95,teak,0.8954,0.0106,-0.3366,-2.5408,1.3903,-0.2503,-0.0323,-0.2179,False,known,teak
2026-08-07T14:23:43.218830,5e809b85-bbbc-4aa3-adb2-edf5487f5ce2,2,3,0.7235,0.4287,5611.29,50.75,88.62,teak,0.9176,0.0051,-0.3882,-2.6878,0.8912,-0.3243,-0.0323,-0.2919,False,known,teak
2026-08-07T14:23:43.218830,5e809b85-bbbc-4aa3-adb2-edf5487f5ce2,5,4,0.8737,0.6616,5626.89,60.2,120.8,teak,0.9259,0.005,-0.3894,-2.7092,0.8186,-0.329,-0.0323,-0.2967,False,known,teak
2026-08-07T14:23:43.218830,5e809b85-bbbc-4aa3-adb2-edf5487f5ce2,5,5,0.8732,0.7097,5709.33,63.47,106.09,teak,0.9287,0.0044,-0.3949,-2.7718,0.606,-0.3449,-0.0323,-0.3125,False,known,teak
2026-08-07T14:23:43.220345,5e809b85-bbbc-4aa3-adb2-edf5487f5ce2,5,6,0.8561,0.702,4547.73,61.76,93.87,teak,0.907,0.0096,-0.3465,-2.6562,0.9985,-0.2792,-0.0323,-0.2469,False,known,teak
2026-08-07T14:23:43.220345,5e809b85-bbbc-4aa3-adb2-edf5487f5ce2,6,2,0.7831,0.6322,4415.39,49.12,83.39,teak,0.8461,0.0333,-0.1228,-2.2224,2.4715,0.0069,-0.0323,0.0392,True,known,teak
2026-08-07T14:23:43.220345,5e809b85-bbbc-4aa3-adb2-edf5487f5ce2,6,1,0.7481,0.491,4602.13,50.71,91.1,teak,0.8997,0.0093,-0.3488,-2.4904,1.5616,-0.2533,-0.0323,-0.221,False,known,teak
2026-08-07T14:23:43.220345,5e809b85-bbbc-4aa3-adb2-edf5487f5ce2,6,4,0.7375,0.5414,3956.31,41.84,92.26,teak,0.916,0.0076,-0.3647,-2.6426,1.0446,-0.2943,-0.0323,-0.2619,False,known,teak
2026-08-07T14:23:43.221349,5e809b85-bbbc-4aa3-adb2-edf5487f5ce2,8,6,0.8486,0.7123,6745.63,48.48,117.08,mahogany,0.3569,0.262,2.034,-1.4664,5.0381,2.1842,-0.0323,2.2165,True,known,teak
2026-08-07T14:23:43.221349,5e809b85-bbbc-4aa3-adb2-edf5487f5ce2,8,5,0.8361,0.7405,5649.75,43.34,112.57,teak,0.8496,0.0253,-0.1984,-2.2397,2.4127,-0.0679,-0.0323,-0.0356,False,known,teak
2026-08-07T14:23:43.221853,5e809b85-bbbc-4aa3-adb2-edf5487f5ce2,8,4,0.8194,0.6978,5136.25,40.61,118.84,teak,0.9287,0.0032,-0.4067,-2.7161,0.7951,-0.3466,-0.0323,-0.3143,False,known,teak
2026-08-07T14:25:41.069261,29c9cabd-4ab6-423f-9a01-8ec8b35c5459,2,6,0.9554,0.9609,831.93,67.3,101.21,teak,0.5625,0.1543,1.0184,-1.6406,4.4469,1.1899,-0.0323,1.2222,True,uncertain,Uncertain
2026-08-07T14:25:41.069261,29c9cabd-4ab6-423f-9a01-8ec8b35c5459,2,5,0.9498,0.9241,1014.23,66.07,107.42,teak,0.8855,0.0226,-0.2238,-2.4103,1.8335,-0.121,-0.0323,-0.0887,False,uncertain,Uncertain
2026-08-07T14:25:41.070278,29c9cabd-4ab6-423f-9a01-8ec8b35c5459,2,4,0.921,0.8898,1845.18,65.69,93.17,teak,0.5033,0.1511,0.9878,-1.5622,4.7129,1.174,-0.0323,1.2063,True,uncertain,Uncertain
2026-08-07T14:25:41.070278,29c9cabd-4ab6-423f-9a01-8ec8b35c5459,3,6,0.8268,0.7786,3986.87,47.81,80.7,teak,0.933,0.0011,-0.4259,-2.8016,0.5049,-0.3793,-0.0323,-0.347,False,known,teak
2026-08-07T14:25:41.070928,29c9cabd-4ab6-423f-9a01-8ec8b35c5459,3,4,0.8211,0.7635,4916.68,49.58,75.29,teak,0.4933,0.1708,1.1737,-1.5025,4.9158,1.3608,-0.0323,1.3931,True,known,teak
2026-08-07T14:25:41.070928,29c9cabd-4ab6-423f-9a01-8ec8b35c5459,3,5,0.7962,0.7293,4150.61,45.93,74.68,teak,0.8508,0.0224,-0.2256,-2.197,2.5575,-0.0865,-0.0323,-0.0541,False,known,teak
2026-08-07T14:25:41.070928,29c9cabd-4ab6-423f-9a01-8ec8b35c5459,4,5,0.7535,0.6397,3502.73,47.41,60.79,teak,0.8324,0.0257,-0.1947,-2.1777,2.6233,-0.0538,-0.0323,-0.0215,False,known,teak
2026-08-07T14:25:41.070928,29c9cabd-4ab6-423f-9a01-8ec8b35c5459,4,4,0.7396,0.5966,3265.25,47.09,62.76,teak,0.6622,0.086,0.3741,-1.7689,4.0111,0.556,-0.0323,0.5883,True,known,teak
2026-08-07T14:25:41.072000,29c9cabd-4ab6-423f-9a01-8ec8b35c5459,4,6,0.7338,0.5119,3452.39,51.02,71.88,teak,0.8285,0.0253,-0.1984,-2.1324,2.777,-0.0496,-0.0323,-0.0173,False,known,teak
2026-08-07T14:27:27.980435,f06e1531-ad80-4486-8d8a-bcfe3794a14d,1,6,0.8455,0.9682,1522.44,30.99,87.87,teak,0.9363,0.0004,-0.4324,-2.8323,0.4007,-0.3908,-0.0323,-0.3584,False,known,teak
2026-08-07T14:27:27.980435,f06e1531-ad80-4486-8d8a-bcfe3794a14d,1,2,0.842,0.9865,1079.4,32.38,75.48,teak,0.9427,0.0009,-0.4283,-2.8971,0.1805,-0.3979,-0.0323,-0.3656,False,known,teak
2026-08-07T14:27:27.981435,f06e1531-ad80-4486-8d8a-bcfe3794a14d,1,5,0.8409,0.9754,1305.64,29.76,85.28,teak,0.9267,0.0005,-0.4318,-2.7233,0.7707,-0.3717,-0.0323,-0.3394,False,known,teak
2026-08-07T14:27:27.981435,f06e1531-ad80-4486-8d8a-bcfe3794a14d,6,5,0.8935,0.9783,1409.85,36.86,109.03,teak,0.9285,0.0006,-0.4311,-2.7388,0.718,-0.3737,-0.0323,-0.3413,False,known,teak
2026-08-07T14:27:27.981435,f06e1531-ad80-4486-8d8a-bcfe3794a14d,6,6,0.8851,0.9783,1077.04,33.62,111.06,teak,0.9316,0.0005,-0.4322,-2.7712,0.6081,-0.3802,-0.0323,-0.3479,False,known,teak
2026-08-07T14:27:27.981435,f06e1531-ad80-4486-8d8a-bcfe3794a14d,6,4,0.8819,0.9877,1427.44,38.73,91.08,teak,0.9284,0.0007,-0.4302,-2.7283,0.7538,-0.371,-0.0323,-0.3387,False,known,teak
2026-08-07T14:27:27.982435,f06e1531-ad80-4486-8d8a-bcfe3794a14d,8,6,0.9709,0.9723,4488.69,63.54,110.97,teak,0.8216,0.022,-0.229,-2.1515,2.7121,-0.0819,-0.0323,-0.0496,False,known,teak
2026-08-07T14:27:27.982435,f06e1531-ad80-4486-8d8a-bcfe3794a14d,8,5,0.8764,0.9117,4595.61,50.36,76.06,teak,0.9251,0.0037,-0.4017,-2.6796,0.9191,-0.3357,-0.0323,-0.3034,False,known,teak
2026-08-07T14:27:27.982435,f06e1531-ad80-4486-8d8a-bcfe3794a14d,8,4,0.8079,0.8054,2671.26,41.38,74.8,teak,0.9321,0.0023,-0.415,-2.8026,0.5017,-0.3691,-0.0323,-0.3368,False,known,teak
2026-08-07T14:27:27.982435,f06e1531-ad80-4486-8d8a-bcfe3794a14d,9,5,0.8179,0.9048,1740.8,37.95,63.48,teak,0.5768,0.1542,1.0174,-1.7168,4.1881,1.176,-0.0323,1.2083,True,open_set_rejected,Unknown / Unrecognized species
2026-08-07T14:27:27.983444,f06e1531-ad80-4486-8d8a-bcfe3794a14d,9,6,0.809,0.8068,2667.3,47.27,58.71,teak,0.8229,0.033,-0.1257,-2.0607,3.0205,0.0316,-0.0323,0.064,True,open_set_rejected,Unknown / Unrecognized species
2026-08-07T14:27:27.983444,f06e1531-ad80-4486-8d8a-bcfe3794a14d,9,4,0.7888,0.8787,1098.64,33.79,58.33,teak,0.7064,0.0702,0.2252,-1.7835,3.9615,0.412,-0.0323,0.4443,True,open_set_rejected,Unknown / Unrecognized species
2026-08-07T14:30:20.716411,c650c73d-61c5-4a2d-ada4-27440f6edea3,1,4,0.9351,0.893,3267.58,52.24,128.89,mahogany,0.4902,0.1573,1.0463,-1.83,3.8037,1.1841,-0.0323,1.2165,True,open_set_rejected,Unknown / Unrecognized species
2026-08-07T14:30:20.717411,c650c73d-61c5-4a2d-ada4-27440f6edea3,1,3,0.9136,0.8288,3477.22,55.9,138.38,rubber,0.6633,0.2062,1.5077,-1.9396,3.4317,1.6039,-0.0323,1.6363,True,open_set_rejected,Unknown / Unrecognized species
2026-08-07T14:30:20.718411,c650c73d-61c5-4a2d-ada4-27440f6edea3,1,5,0.9127,0.8899,3281.2,47.78,120.69,mahogany,0.5086,0.136,0.8461,-1.7874,3.9483,1.0012,-0.0323,1.0335,True,open_set_rejected,Unknown / Unrecognized species
2026-08-07T14:30:20.718411,c650c73d-61c5-4a2d-ada4-27440f6edea3,2,4,0.9452,0.9248,3220.42,52.35,130.03,rubber,0.5224,0.1996,1.4457,-1.7676,4.0154,1.5741,-0.0323,1.6065,True,open_set_rejected,Unknown / Unrecognized species
2026-08-07T14:30:20.718411,c650c73d-61c5-4a2d-ada4-27440f6edea3,2,5,0.929,0.9323,3281.94,47.8,121.89,mahogany,0.4945,0.143,0.9119,-1.7648,4.0252,1.0676,-0.0323,1.0999,True,open_set_rejected,Unknown / Unrecognized species
2026-08-07T14:30:20.720444,c650c73d-61c5-4a2d-ada4-27440f6edea3,2,3,0.926,0.8692,3446.5,56.0,140.16,rubber,0.8217,0.0879,0.392,-2.1428,2.7416,0.5095,-0.0323,0.5418,True,open_set_rejected,Unknown / Unrecognized species
2026-08-07T14:30:20.721455,c650c73d-61c5-4a2d-ada4-27440f6edea3,8,6,0.7635,0.4655,2470.3,45.58,128.66,teak,0.5935,0.1317,0.8048,-1.7485,4.0806,0.9686,-0.0323,1.0009,True,known,teak
2026-08-07T14:30:20.721455,c650c73d-61c5-4a2d-ada4-27440f6edea3,8,5,0.7525,0.4752,2286.44,42.47,122.9,teak,0.9247,0.008,-0.3611,-2.6924,0.8757,-0.2992,-0.0323,-0.2669,False,known,teak
2026-08-07T14:30:20.722454,c650c73d-61c5-4a2d-ada4-27440f6edea3,8,1,0.7435,0.4323,2562.2,44.2,123.16,teak,0.9071,0.0077,-0.3638,-2.5586,1.3299,-0.2791,-0.0323,-0.2468,False,known,teak
2026-08-07T14:30:20.725455,c650c73d-61c5-4a2d-ada4-27440f6edea3,9,4,0.7491,0.4489,2514.58,42.91,126.64,teak,0.8916,0.0107,-0.3361,-2.475,1.614,-0.2386,-0.0323,-0.2063,False,known,teak
2026-08-07T14:30:20.726453,c650c73d-61c5-4a2d-ada4-27440f6edea3,9,3,0.7263,0.4366,2077.63,41.23,115.64,teak,0.9206,0.0047,-0.3922,-2.6699,0.9522,-0.3249,-0.0323,-0.2926,False,known,teak
2026-08-07T14:30:20.726453,c650c73d-61c5-4a2d-ada4-27440f6edea3,10,4,0.7447,0.4619,2129.34,42.09,121.3,teak,0.8353,0.0379,-0.079,-2.2629,2.3339,0.0417,-0.0323,0.074,True,known,teak
2026-08-07T14:30:20.727456,c650c73d-61c5-4a2d-ada4-27440f6edea3,10,5,0.7319,0.4072,2914.5,44.64,135.52,teak,0.9018,0.0102,-0.3405,-2.5544,1.3442,-0.2563,-0.0323,-0.2239,False,known,teak
2026-08-07T14:30:20.727456,c650c73d-61c5-4a2d-ada4-27440f6edea3,10,3,0.7101,0.4314,1884.02,38.34,111.66,teak,0.918,0.0042,-0.3973,-2.6896,0.8851,-0.3332,-0.0323,-0.3009,False,known,teak
2026-08-07T14:30:20.728456,c650c73d-61c5-4a2d-ada4-27440f6edea3,11,5,0.7727,0.5049,2644.19,44.57,129.67,teak,0.8879,0.0161,-0.2845,-2.4461,1.7119,-0.1847,-0.0323,-0.1524,False,known,teak
2026-08-07T14:30:20.728964,c650c73d-61c5-4a2d-ada4-27440f6edea3,11,4,0.7602,0.5155,2091.54,41.96,118.89,teak,0.7242,0.0919,0.4299,-1.9857,3.2751,0.5721,-0.0323,0.6044,True,known,teak
2026-08-07T14:30:20.728964,c650c73d-61c5-4a2d-ada4-27440f6edea3,11,1,0.7406,0.442,2514.92,42.91,121.49,teak,0.9056,0.0055,-0.385,-2.6008,1.1867,-0.3064,-0.0323,-0.2741,False,known,teak
2026-08-07T14:30:20.728964,c650c73d-61c5-4a2d-ada4-27440f6edea3,12,6,0.9313,0.9572,2298.5,44.32,126.29,teak,0.8856,0.0163,-0.2831,-2.4579,1.6718,-0.1853,-0.0323,-0.153,False,known,teak
2026-08-07T14:30:20.729979,c650c73d-61c5-4a2d-ada4-27440f6edea3,12,4,0.8967,0.9296,2117.5,40.32,116.4,teak,0.9249,0.0032,-0.4065,-2.7157,0.7966,-0.3464,-0.0323,-0.3141,False,known,teak
2026-08-07T14:30:20.729979,c650c73d-61c5-4a2d-ada4-27440f6edea3,12,5,0.8967,0.9317,2011.17,40.07,116.51,teak,0.8816,0.0169,-0.2768,-2.4333,1.7555,-0.1752,-0.0323,-0.1429,False,known,teak
2026-08-07T14:34:29.317768,39399843-baa2-4f54-8879-3a5d213e4167,1,3,0.8561,0.9906,3334.46,37.39,72.01,mahogany,0.9376,0.0005,-0.4323,-2.7755,0.5934,-0.381,-0.0323,-0.3487,False,known,mahogany
2026-08-07T14:34:29.317768,39399843-baa2-4f54-8879-3a5d213e4167,1,4,0.8559,0.9878,3311.84,37.16,73.31,mahogany,0.9378,0.0005,-0.4322,-2.7637,0.6336,-0.3789,-0.0323,-0.3466,False,known,mahogany
2026-08-07T14:34:29.319256,39399843-baa2-4f54-8879-3a5d213e4167,1,6,0.8551,0.9795,2968.01,38.92,70.11,mahogany,0.935,0.0005,-0.4315,-2.7272,0.7574,-0.372,-0.0323,-0.3397,False,known,mahogany
2026-08-07T14:34:29.319256,39399843-baa2-4f54-8879-3a5d213e4167,3,3,0.9166,0.9934,2105.79,36.47,129.77,teak,0.9393,0.0005,-0.4315,-2.8418,0.3684,-0.3915,-0.0323,-0.3592,False,known,teak
2026-08-07T14:34:29.319256,39399843-baa2-4f54-8879-3a5d213e4167,3,4,0.9114,0.9918,2107.55,34.99,129.53,teak,0.9398,0.0004,-0.4328,-2.8607,0.3041,-0.3959,-0.0323,-0.3636,False,known,teak
2026-08-07T14:34:29.320265,39399843-baa2-4f54-8879-3a5d213e4167,3,5,0.9083,0.9839,2137.61,34.56,128.56,teak,0.9403,0.0004,-0.4329,-2.8686,0.2775,-0.3974,-0.0323,-0.365,False,known,teak
2026-08-07T14:34:29.320265,39399843-baa2-4f54-8879-3a5d213e4167,4,2,0.912,0.9887,3915.57,44.62,99.6,mahogany,0.9452,0.0007,-0.4298,-2.8467,0.352,-0.3907,-0.0323,-0.3584,False,known,mahogany
2026-08-07T14:34:29.320265,39399843-baa2-4f54-8879-3a5d213e4167,4,3,0.9097,0.9876,3834.69,43.97,99.83,mahogany,0.9465,0.0005,-0.4322,-2.8718,0.2665,-0.3972,-0.0323,-0.3649,False,known,mahogany
2026-08-07T14:34:29.321271,39399843-baa2-4f54-8879-3a5d213e4167,4,4,0.9023,0.9831,3728.63,42.67,98.61,mahogany,0.9474,0.0004,-0.4329,-2.8722,0.2652,-0.398,-0.0323,-0.3656,False,known,mahogany
2026-08-07T14:37:26.681665,e4ff1426-4932-4faa-8085-b3ffd5b566a3,1,3,0.8561,0.9906,3334.46,37.39,72.01,mahogany,0.9376,0.0005,-0.4323,-2.7755,0.5934,-0.381,-0.0323,-0.3487,False,known,mahogany
2026-08-07T14:37:26.682665,e4ff1426-4932-4faa-8085-b3ffd5b566a3,1,4,0.8559,0.9878,3311.84,37.16,73.31,mahogany,0.9378,0.0005,-0.4322,-2.7637,0.6336,-0.3789,-0.0323,-0.3466,False,known,mahogany
2026-08-07T14:37:26.682665,e4ff1426-4932-4faa-8085-b3ffd5b566a3,1,6,0.8551,0.9795,2968.01,38.92,70.11,mahogany,0.935,0.0005,-0.4315,-2.7272,0.7574,-0.372,-0.0323,-0.3397,False,known,mahogany
2026-08-07T14:37:26.683665,e4ff1426-4932-4faa-8085-b3ffd5b566a3,3,3,0.9166,0.9934,2105.79,36.47,129.77,teak,0.9393,0.0005,-0.4315,-2.8418,0.3684,-0.3915,-0.0323,-0.3592,False,known,teak
2026-08-07T14:37:26.683665,e4ff1426-4932-4faa-8085-b3ffd5b566a3,3,4,0.9114,0.9918,2107.55,34.99,129.53,teak,0.9398,0.0004,-0.4328,-2.8607,0.3041,-0.3959,-0.0323,-0.3636,False,known,teak
2026-08-07T14:37:26.683665,e4ff1426-4932-4faa-8085-b3ffd5b566a3,3,5,0.9083,0.9839,2137.61,34.56,128.56,teak,0.9403,0.0004,-0.4329,-2.8686,0.2775,-0.3974,-0.0323,-0.365,False,known,teak
2026-08-07T14:37:26.683665,e4ff1426-4932-4faa-8085-b3ffd5b566a3,4,2,0.912,0.9887,3915.57,44.62,99.6,mahogany,0.9452,0.0007,-0.4298,-2.8467,0.352,-0.3907,-0.0323,-0.3584,False,known,mahogany
2026-08-07T14:37:26.683665,e4ff1426-4932-4faa-8085-b3ffd5b566a3,4,3,0.9097,0.9876,3834.69,43.97,99.83,mahogany,0.9465,0.0005,-0.4322,-2.8718,0.2665,-0.3972,-0.0323,-0.3649,False,known,mahogany
2026-08-07T14:37:26.684665,e4ff1426-4932-4faa-8085-b3ffd5b566a3,4,4,0.9023,0.9831,3728.63,42.67,98.61,mahogany,0.9474,0.0004,-0.4329,-2.8722,0.2652,-0.398,-0.0323,-0.3656,False,known,mahogany
2026-08-07T14:39:14.124201,d6051e36-4a01-404f-9ac4-a69b3b0d639a,1,6,0.6867,0.5107,306.21,34.76,78.3,teak,0.6849,0.091,0.4214,-1.8371,3.7798,0.5893,-0.0323,0.6216,True,open_set_rejected,Unknown / Unrecognized species
2026-08-07T14:39:14.125720,d6051e36-4a01-404f-9ac4-a69b3b0d639a,1,5,0.6789,0.5035,269.52,35.09,72.85,teak,0.6011,0.1517,0.9934,-1.8417,3.7641,1.132,-0.0323,1.1643,True,open_set_rejected,Unknown / Unrecognized species
2026-08-07T14:39:14.125720,d6051e36-4a01-404f-9ac4-a69b3b0d639a,1,2,0.67,0.4357,527.31,37.9,77.53,teak,0.705,0.0944,0.4533,-1.9389,3.4338,0.6024,-0.0323,0.6347,True,open_set_rejected,Unknown / Unrecognized species
2026-08-07T14:39:14.125720,d6051e36-4a01-404f-9ac4-a69b3b0d639a,2,3,0.8994,0.9959,1379.92,37.41,107.17,rubber,0.9521,0.0021,-0.4168,-2.7597,0.6472,-0.3636,-0.0323,-0.3313,False,known,rubber
2026-08-07T14:39:14.126749,d6051e36-4a01-404f-9ac4-a69b3b0d639a,2,4,0.8982,0.9949,1526.63,39.16,101.51,rubber,0.9322,0.0054,-0.3855,-2.5579,1.3323,-0.2996,-0.0323,-0.2673,False,known,rubber
2026-08-07T14:39:14.126749,d6051e36-4a01-404f-9ac4-a69b3b0d639a,2,2,0.8962,0.9896,1266.83,36.84,108.0,rubber,0.9495,0.0038,-0.4011,-2.6952,0.8661,-0.3377,-0.0323,-0.3054,False,known,rubber
2026-08-07T14:39:14.126749,d6051e36-4a01-404f-9ac4-a69b3b0d639a,3,3,0.8991,0.9954,1366.5,37.34,107.29,rubber,0.9481,0.0035,-0.4039,-2.727,0.7583,-0.3458,-0.0323,-0.3134,False,known,rubber
2026-08-07T14:39:14.126749,d6051e36-4a01-404f-9ac4-a69b3b0d639a,3,4,0.898,0.9954,1520.28,38.99,101.67,rubber,0.9316,0.0046,-0.3929,-2.5213,1.4566,-0.3004,-0.0323,-0.2681,False,known,rubber
2026-08-07T14:39:14.128214,d6051e36-4a01-404f-9ac4-a69b3b0d639a,3,2,0.8954,0.9891,1282.12,36.74,107.74,rubber,0.9492,0.0018,-0.4198,-2.6826,0.9088,-0.3533,-0.0323,-0.321,False,known,rubber
2026-08-07T14:39:14.128214,d6051e36-4a01-404f-9ac4-a69b3b0d639a,4,5,0.8752,0.9909,1551.35,37.46,88.02,mahogany,0.9257,0.0074,-0.3667,-2.6806,0.9158,-0.3026,-0.0323,-0.2702,False,known,mahogany
2026-08-07T14:39:14.128214,d6051e36-4a01-404f-9ac4-a69b3b0d639a,4,4,0.8672,0.9828,1464.85,36.01,87.69,mahogany,0.9205,0.0094,-0.3481,-2.6338,1.0745,-0.2769,-0.0323,-0.2446,False,known,mahogany
2026-08-07T14:39:14.129182,d6051e36-4a01-404f-9ac4-a69b3b0d639a,4,2,0.8659,0.9898,1366.58,34.96,87.53,mahogany,0.8598,0.0448,-0.0143,-2.3161,2.1534,0.0941,-0.0323,0.1264,True,known,mahogany
2026-08-07T14:39:14.129182,d6051e36-4a01-404f-9ac4-a69b3b0d639a,6,3,0.8129,0.9743,2293.07,31.14,57.91,mahogany,0.9373,0.0009,-0.4281,-2.8076,0.4844,-0.3825,-0.0323,-0.3502,False,known,mahogany
2026-08-07T14:39:14.129182,d6051e36-4a01-404f-9ac4-a69b3b0d639a,6,5,0.8107,0.9869,1935.31,28.9,58.62,mahogany,0.943,0.0006,-0.4308,-2.8507,0.3383,-0.3924,-0.0323,-0.3601,False,known,mahogany
2026-08-07T14:39:14.130199,d6051e36-4a01-404f-9ac4-a69b3b0d639a,6,4,0.8106,0.9745,2168.47,30.02,59.03,mahogany,0.9402,0.0006,-0.431,-2.8163,0.4551,-0.3867,-0.0323,-0.3544,False,known,mahogany
2026-08-07T14:39:14.130199,d6051e36-4a01-404f-9ac4-a69b3b0d639a,9,3,0.88,0.9913,1332.31,29.85,113.5,teak,0.9366,0.0006,-0.4311,-2.8221,0.4352,-0.3878,-0.0323,-0.3555,False,known,teak
2026-08-07T14:39:14.131207,d6051e36-4a01-404f-9ac4-a69b3b0d639a,9,4,0.8798,0.989,1260.28,29.24,115.73,teak,0.9375,0.001,-0.4274,-2.8299,0.4088,-0.3856,-0.0323,-0.3533,False,known,teak
2026-08-07T14:39:14.131207,d6051e36-4a01-404f-9ac4-a69b3b0d639a,9,5,0.8792,0.9874,1219.66,28.97,116.51,teak,0.9351,0.0008,-0.4287,-2.8161,0.4556,-0.3845,-0.0323,-0.3522,False,known,teak
2026-08-07T14:39:14.131207,d6051e36-4a01-404f-9ac4-a69b3b0d639a,10,5,0.8996,0.9871,3156.53,42.53,95.52,mahogany,0.9492,0.0003,-0.4336,-2.9043,0.1561,-0.4041,-0.0323,-0.3718,False,known,mahogany
2026-08-07T14:39:14.132206,d6051e36-4a01-404f-9ac4-a69b3b0d639a,10,6,0.8915,0.9868,2894.51,40.97,93.15,mahogany,0.9491,0.0004,-0.4333,-2.9023,0.1631,-0.4034,-0.0323,-0.3711,False,known,mahogany
2026-08-07T14:39:14.132206,d6051e36-4a01-404f-9ac4-a69b3b0d639a,10,3,0.8887,0.9697,2993.88,40.88,96.05,mahogany,0.9455,0.0005,-0.4315,-2.8617,0.3009,-0.3949,-0.0323,-0.3626,False,known,mahogany
2026-08-07T14:49:51.412017,e9faa425-f9c3-4983-8cec-f13adebac3fb,1,3,0.8991,0.9954,1366.5,37.34,107.29,rubber,0.9481,0.0035,-0.4039,-2.727,0.7583,-0.3458,-0.0323,-0.3134,False,known,rubber
2026-08-07T14:49:51.412017,e9faa425-f9c3-4983-8cec-f13adebac3fb,1,4,0.898,0.9954,1520.28,38.99,101.67,rubber,0.9316,0.0046,-0.3929,-2.5213,1.4566,-0.3004,-0.0323,-0.2681,False,known,rubber
2026-08-07T14:49:51.413017,e9faa425-f9c3-4983-8cec-f13adebac3fb,1,2,0.8954,0.9891,1282.12,36.74,107.74,rubber,0.9492,0.0018,-0.4198,-2.6826,0.9088,-0.3533,-0.0323,-0.321,False,known,rubber
2026-08-07T14:49:51.413017,e9faa425-f9c3-4983-8cec-f13adebac3fb,2,5,0.8752,0.9909,1551.35,37.46,88.02,mahogany,0.9257,0.0074,-0.3667,-2.6806,0.9158,-0.3026,-0.0323,-0.2702,False,known,mahogany
2026-08-07T14:49:51.413017,e9faa425-f9c3-4983-8cec-f13adebac3fb,2,4,0.8672,0.9828,1464.85,36.01,87.69,mahogany,0.9205,0.0094,-0.3481,-2.6338,1.0745,-0.2769,-0.0323,-0.2446,False,known,mahogany
2026-08-07T14:49:51.413017,e9faa425-f9c3-4983-8cec-f13adebac3fb,2,6,0.8629,0.9839,1490.79,36.5,82.36,mahogany,0.9334,0.0057,-0.3824,-2.749,0.6836,-0.3291,-0.0323,-0.2968,False,known,mahogany
2026-08-07T14:49:51.414016,e9faa425-f9c3-4983-8cec-f13adebac3fb,3,3,0.8129,0.9743,2293.07,31.14,57.91,mahogany,0.9373,0.0009,-0.4281,-2.8076,0.4844,-0.3825,-0.0323,-0.3502,False,known,mahogany
2026-08-07T14:49:51.414016,e9faa425-f9c3-4983-8cec-f13adebac3fb,3,5,0.8107,0.9869,1935.31,28.9,58.62,mahogany,0.943,0.0006,-0.4308,-2.8507,0.3383,-0.3924,-0.0323,-0.3601,False,known,mahogany
2026-08-07T14:49:51.414016,e9faa425-f9c3-4983-8cec-f13adebac3fb,3,4,0.8106,0.9745,2168.47,30.02,59.03,mahogany,0.9402,0.0006,-0.431,-2.8163,0.4551,-0.3867,-0.0323,-0.3544,False,known,mahogany
2026-08-07T14:49:51.414016,e9faa425-f9c3-4983-8cec-f13adebac3fb,4,3,0.88,0.9913,1332.31,29.85,113.5,teak,0.9366,0.0006,-0.4311,-2.8221,0.4352,-0.3878,-0.0323,-0.3555,False,known,teak
2026-08-07T14:49:51.415197,e9faa425-f9c3-4983-8cec-f13adebac3fb,4,4,0.8798,0.989,1260.28,29.24,115.73,teak,0.9375,0.001,-0.4274,-2.8299,0.4088,-0.3856,-0.0323,-0.3533,False,known,teak
2026-08-07T14:49:51.415197,e9faa425-f9c3-4983-8cec-f13adebac3fb,4,5,0.8792,0.9874,1219.66,28.97,116.51,teak,0.9351,0.0008,-0.4287,-2.8161,0.4556,-0.3845,-0.0323,-0.3522,False,known,teak
2026-08-07T14:49:51.415197,e9faa425-f9c3-4983-8cec-f13adebac3fb,5,5,0.8996,0.9871,3156.53,42.53,95.52,mahogany,0.9492,0.0003,-0.4336,-2.9043,0.1561,-0.4041,-0.0323,-0.3718,False,known,mahogany
2026-08-07T14:49:51.415197,e9faa425-f9c3-4983-8cec-f13adebac3fb,5,6,0.8915,0.9868,2894.51,40.97,93.15,mahogany,0.9491,0.0004,-0.4333,-2.9023,0.1631,-0.4034,-0.0323,-0.3711,False,known,mahogany
2026-08-07T14:49:51.416210,e9faa425-f9c3-4983-8cec-f13adebac3fb,5,3,0.8887,0.9697,2993.88,40.88,96.05,mahogany,0.9455,0.0005,-0.4315,-2.8617,0.3009,-0.3949,-0.0323,-0.3626,False,known,mahogany
2026-08-07T14:51:12.079166,259da774-be0f-42e8-a276-9cdc92a68460,1,1,0.5591,0.5339,100.65,30.78,58.08,teak,0.917,0.0049,-0.3904,-2.5626,1.3165,-0.3051,-0.0323,-0.2727,False,known,teak
2026-08-07T14:51:12.079767,259da774-be0f-42e8-a276-9cdc92a68460,2,6,0.7514,0.9658,251.28,22.64,32.19,mahogany,0.9483,0.0012,-0.4256,-2.9296,0.0702,-0.4008,-0.0323,-0.3685,False,known,mahogany
2026-08-07T14:51:12.079767,259da774-be0f-42e8-a276-9cdc92a68460,2,4,0.742,0.872,513.43,26.92,40.03,mahogany,0.9219,0.0079,-0.362,-2.6532,1.0086,-0.2934,-0.0323,-0.2611,False,known,mahogany
2026-08-07T14:51:12.080773,259da774-be0f-42e8-a276-9cdc92a68460,2,5,0.7376,0.908,341.02,23.6,34.98,mahogany,0.9453,0.0015,-0.4225,-2.8838,0.226,-0.3901,-0.0323,-0.3577,False,known,mahogany
2026-08-07T14:53:00.777835,f85097fd-4eb9-4e67-a5a2-6d8753b090e7,1,6,0.7352,0.9257,246.75,22.33,31.23,mahogany,0.9478,0.005,-0.3898,-2.9215,0.0979,-0.3654,-0.0323,-0.3331,False,known,mahogany
2026-08-07T14:53:00.778833,f85097fd-4eb9-4e67-a5a2-6d8753b090e7,1,5,0.7278,0.9551,198.17,17.22,30.69,mahogany,0.947,0.0013,-0.4243,-2.9018,0.1649,-0.3949,-0.0323,-0.3626,False,known,mahogany
2026-08-07T14:53:00.779339,f85097fd-4eb9-4e67-a5a2-6d8753b090e7,1,1,0.6737,0.6314,529.73,31.96,39.22,mahogany,0.7834,0.0876,0.3893,-2.0899,2.9214,0.5159,-0.0323,0.5482,True,known,mahogany
2026-08-07T14:59:30.586031,9407bef9-b63c-46ac-b5a2-f460f65ba257,1,6,0.7352,0.9257,246.75,22.33,31.23,mahogany,0.9478,0.005,-0.3898,-2.9215,0.0979,-0.3654,-0.0323,-0.3331,False,known,mahogany
2026-08-07T14:59:30.586031,9407bef9-b63c-46ac-b5a2-f460f65ba257,1,5,0.7278,0.9551,198.17,17.22,30.69,mahogany,0.947,0.0013,-0.4243,-2.9018,0.1649,-0.3949,-0.0323,-0.3626,False,known,mahogany
2026-08-07T14:59:30.586031,9407bef9-b63c-46ac-b5a2-f460f65ba257,1,1,0.6737,0.6314,529.73,31.96,39.22,mahogany,0.7834,0.0876,0.3893,-2.0899,2.9214,0.5159,-0.0323,0.5482,True,known,mahogany
2026-08-07T15:01:29.525618,ddf3b8d1-de86-4028-a361-f4d3d67fd979,1,5,0.78,0.8691,963.65,30.38,63.4,mahogany,0.9302,0.0041,-0.3982,-2.7252,0.7642,-0.3401,-0.0323,-0.3078,False,known,mahogany
2026-08-07T15:01:29.525618,ddf3b8d1-de86-4028-a361-f4d3d67fd979,1,6,0.7754,0.9007,662.91,28.1,56.56,mahogany,0.9198,0.0091,-0.351,-2.6138,1.1424,-0.2763,-0.0323,-0.244,False,known,mahogany
2026-08-07T15:01:29.527632,ddf3b8d1-de86-4028-a361-f4d3d67fd979,1,4,0.7623,0.7283,1472.15,36.93,71.62,mahogany,0.8443,0.0453,-0.0098,-2.2633,2.3324,0.1073,-0.0323,0.1396,True,known,mahogany
2026-08-07T15:01:29.527632,ddf3b8d1-de86-4028-a361-f4d3d67fd979,2,4,0.8365,0.9523,1441.5,37.78,65.66,mahogany,0.9373,0.0007,-0.4304,-2.7589,0.65,-0.3764,-0.0323,-0.3441,False,known,mahogany
2026-08-07T15:01:29.527632,ddf3b8d1-de86-4028-a361-f4d3d67fd979,2,5,0.8254,0.9642,1046.69,35.36,59.58,mahogany,0.9372,0.0012,-0.4253,-2.7617,0.6403,-0.372,-0.0323,-0.3397,False,known,mahogany
2026-08-07T15:01:29.527632,ddf3b8d1-de86-4028-a361-f4d3d67fd979,2,3,0.8194,0.9253,1481.38,35.14,66.61,mahogany,0.9346,0.0007,-0.4296,-2.7486,0.6848,-0.3739,-0.0323,-0.3416,False,known,mahogany
2026-08-07T15:01:29.527632,ddf3b8d1-de86-4028-a361-f4d3d67fd979,3,4,0.828,0.9503,1294.84,32.93,72.76,mahogany,0.7909,0.0486,0.022,-2.14,2.7514,0.1585,-0.0323,0.1908,True,uncertain,Uncertain
2026-08-07T15:01:29.527632,ddf3b8d1-de86-4028-a361-f4d3d67fd979,3,6,0.8234,0.943,1047.44,31.8,74.25,mahogany,0.8057,0.0571,0.1018,-2.1951,2.5641,0.2249,-0.0323,0.2572,True,uncertain,Uncertain
2026-08-07T15:01:29.527632,ddf3b8d1-de86-4028-a361-f4d3d67fd979,3,5,0.8133,0.9047,1320.47,33.34,72.65,mahogany,0.8691,0.0211,-0.2378,-2.368,1.9772,-0.127,-0.0323,-0.0947,False,uncertain,Uncertain
2026-08-07T19:19:22.978265,4e32c41a-8978-4eff-b764-37e647953e6a,1,4,0.9253,0.9467,5179.48,61.4,175.14,rubber,0.91,0.0126,-0.3182,-2.4788,1.6008,-0.2222,-0.0323,-0.1899,False,known,rubber
2026-08-07T19:19:22.979313,4e32c41a-8978-4eff-b764-37e647953e6a,1,5,0.9172,0.9374,4795.8,60.81,179.24,rubber,0.8391,0.0569,0.0997,-2.1813,2.6109,0.2253,-0.0323,0.2576,True,known,rubber
2026-08-07T19:19:22.979896,4e32c41a-8978-4eff-b764-37e647953e6a,1,3,0.8967,0.9366,3862.12,54.08,179.68,rubber,0.8987,0.0217,-0.2323,-2.4087,1.8388,-0.1287,-0.0323,-0.0964,False,known,rubber
2026-08-07T19:19:22.979896,4e32c41a-8978-4eff-b764-37e647953e6a,2,6,0.8714,0.9028,3917.62,50.74,181.65,rubber,0.6241,0.1579,1.0519,-1.8565,3.7139,1.185,-0.0323,1.2173,True,known,rubber
2026-08-07T19:19:22.980550,4e32c41a-8978-4eff-b764-37e647953e6a,2,5,0.8457,0.8536,3603.16,48.1,181.4,rubber,0.9476,0.0029,-0.4092,-2.6871,0.8936,-0.344,-0.0323,-0.3117,False,known,rubber
2026-08-07T19:19:22.980550,4e32c41a-8978-4eff-b764-37e647953e6a,2,4,0.7674,0.6771,2227.02,42.71,180.15,rubber,0.9501,0.0072,-0.3683,-2.7254,0.7636,-0.3117,-0.0323,-0.2794,False,known,rubber
2026-08-07T19:19:22.980550,4e32c41a-8978-4eff-b764-37e647953e6a,3,6,0.948,0.9244,4916.42,65.11,149.19,teak,0.8637,0.0246,-0.2045,-2.3794,1.9385,-0.0973,-0.0323,-0.065,False,known,teak
2026-08-07T19:19:22.980550,4e32c41a-8978-4eff-b764-37e647953e6a,3,5,0.9405,0.8913,4225.77,62.5,145.75,teak,0.9348,0.0024,-0.4143,-2.8009,0.5073,-0.3683,-0.0323,-0.3359,False,known,teak
2026-08-07T19:19:22.980550,4e32c41a-8978-4eff-b764-37e647953e6a,3,4,0.8727,0.7048,3708.2,59.02,145.08,teak,0.8498,0.0217,-0.2315,-2.1626,2.6744,-0.0862,-0.0323,-0.0539,False,known,teak
2026-08-07T19:20:56.104175,3c82d6da-c404-4344-baba-a76bb76c8f01,1,3,0.7664,0.8955,622.77,30.12,44.65,mahogany,0.8988,0.0169,-0.2772,-2.4785,1.6019,-0.1832,-0.0323,-0.1509,False,known,mahogany
2026-08-07T19:20:56.105185,3c82d6da-c404-4344-baba-a76bb76c8f01,1,6,0.7429,0.9522,229.85,21.95,31.04,mahogany,0.9521,0.0016,-0.4214,-2.9733,-0.0781,-0.4043,-0.0323,-0.3719,False,known,mahogany
2026-08-07T19:20:56.105185,3c82d6da-c404-4344-baba-a76bb76c8f01,1,4,0.7375,0.8818,447.02,25.4,37.59,mahogany,0.9385,0.0049,-0.3903,-2.8029,0.5004,-0.3458,-0.0323,-0.3135,False,known,mahogany
2026-08-07T19:20:56.105185,3c82d6da-c404-4344-baba-a76bb76c8f01,2,4,0.7591,0.9921,153.74,19.83,38.88,pine,0.8963,0.0256,-0.1956,-2.8128,0.467,-0.1625,-0.0323,-0.1302,False,known,pine
2026-08-07T19:20:56.105185,3c82d6da-c404-4344-baba-a76bb76c8f01,2,3,0.7583,0.9805,149.42,19.9,42.45,mahogany,0.4866,0.2099,1.543,-1.9572,3.3717,1.6344,-0.0323,1.6667,True,known,pine
2026-08-07T19:20:56.106327,3c82d6da-c404-4344-baba-a76bb76c8f01,2,5,0.7408,0.9811,143.65,19.19,39.25,pine,0.9131,0.0159,-0.2869,-2.9026,0.1618,-0.2645,-0.0323,-0.2322,False,known,pine
2026-08-07T19:21:42.942079,55098569-6659-49cf-87c4-d2904f575e8c,1,4,0.8973,0.9852,1603.89,43.08,92.52,rubber,0.9462,0.0021,-0.4165,-2.6857,0.8983,-0.3508,-0.0323,-0.3185,False,known,rubber
2026-08-07T19:21:42.942079,55098569-6659-49cf-87c4-d2904f575e8c,1,3,0.8964,0.9928,1604.37,39.74,98.99,rubber,0.9372,0.003,-0.4084,-2.5725,1.2828,-0.3239,-0.0323,-0.2915,False,known,rubber
2026-08-07T19:21:42.943082,55098569-6659-49cf-87c4-d2904f575e8c,1,2,0.8941,0.9962,1470.53,36.96,103.85,rubber,0.9476,0.001,-0.427,-2.6829,0.9078,-0.3602,-0.0323,-0.3279,False,known,rubber
2026-08-07T19:21:42.943082,55098569-6659-49cf-87c4-d2904f575e8c,2,5,0.8719,0.9838,1556.05,37.07,88.44,mahogany,0.8943,0.0226,-0.2232,-2.5175,1.4696,-0.1386,-0.0323,-0.1063,False,uncertain,Uncertain
2026-08-07T19:21:42.943082,55098569-6659-49cf-87c4-d2904f575e8c,2,6,0.8652,0.986,1511.34,36.49,83.67,mahogany,0.8586,0.0485,0.0208,-2.3752,1.9525,0.1174,-0.0323,0.1497,True,uncertain,Uncertain
2026-08-07T19:21:42.944081,55098569-6659-49cf-87c4-d2904f575e8c,2,1,0.8202,0.8561,1417.33,35.92,85.68,mahogany,0.7742,0.0766,0.2855,-2.0989,2.8908,0.4158,-0.0323,0.4481,True,uncertain,Uncertain
2026-08-07T19:21:42.944081,55098569-6659-49cf-87c4-d2904f575e8c,3,2,0.9054,0.9891,3451.85,43.61,96.8,mahogany,0.9482,0.0007,-0.4302,-2.9016,0.1653,-0.4004,-0.0323,-0.3681,False,known,mahogany
2026-08-07T19:21:42.944081,55098569-6659-49cf-87c4-d2904f575e8c,3,4,0.9041,0.9914,3328.04,42.79,97.26,mahogany,0.9488,0.0004,-0.4325,-2.9109,0.134,-0.4041,-0.0323,-0.3718,False,known,mahogany
2026-08-07T19:21:42.944081,55098569-6659-49cf-87c4-d2904f575e8c,3,5,0.9005,0.9862,3214.08,42.46,96.69,mahogany,0.945,0.0005,-0.4322,-2.8478,0.3482,-0.3932,-0.0323,-0.3608,False,known,mahogany
2026-08-07T19:21:42.945081,55098569-6659-49cf-87c4-d2904f575e8c,4,1,0.6981,0.4945,1526.28,30.98,103.5,teak,0.9029,0.0091,-0.3512,-2.5223,1.4534,-0.261,-0.0323,-0.2287,False,known,teak
2026-08-07T19:22:38.078726,4ac22291-1bf0-40bd-bcdc-4a008fdca9e4,1,4,0.8554,0.9851,3315.79,37.22,73.52,mahogany,0.9375,0.0004,-0.4328,-2.7503,0.6789,-0.3772,-0.0323,-0.3449,False,known,mahogany
2026-08-07T19:22:38.080771,4ac22291-1bf0-40bd-bcdc-4a008fdca9e4,1,3,0.8552,0.9873,3342.15,37.45,72.14,mahogany,0.9402,0.0004,-0.4332,-2.7875,0.5529,-0.3839,-0.0323,-0.3516,False,known,mahogany
2026-08-07T19:22:38.080771,4ac22291-1bf0-40bd-bcdc-4a008fdca9e4,1,5,0.8541,0.9884,3175.55,36.58,73.33,mahogany,0.9358,0.0005,-0.4317,-2.7404,0.7126,-0.3744,-0.0323,-0.3421,False,known,mahogany
2026-08-07T19:22:38.081283,4ac22291-1bf0-40bd-bcdc-4a008fdca9e4,2,2,0.912,0.9884,3896.23,44.52,99.98,mahogany,0.9457,0.0007,-0.4302,-2.8543,0.3261,-0.3924,-0.0323,-0.36,False,known,mahogany
2026-08-07T19:22:38.081283,4ac22291-1bf0-40bd-bcdc-4a008fdca9e4,2,3,0.9102,0.9873,3866.46,44.0,100.24,mahogany,0.9495,0.0006,-0.431,-2.9174,0.1116,-0.4039,-0.0323,-0.3716,False,known,mahogany
2026-08-07T19:22:38.081283,4ac22291-1bf0-40bd-bcdc-4a008fdca9e4,2,4,0.905,0.9878,3741.53,42.73,99.3,mahogany,0.9444,0.0004,-0.4332,-2.8369,0.385,-0.3923,-0.0323,-0.36,False,known,mahogany
2026-08-07T19:23:06.127181,0b630cb8-4a19-4014-89ff-40ee0666c97a,1,2,0.8404,0.9857,2233.34,38.71,56.44,mahogany,0.9498,0.0005,-0.4317,-2.9075,0.1454,-0.4028,-0.0323,-0.3705,False,known,mahogany
2026-08-07T19:23:06.128182,0b630cb8-4a19-4014-89ff-40ee0666c97a,1,3,0.8373,0.9901,2124.36,37.33,56.37,mahogany,0.951,0.0005,-0.4324,-2.9311,0.0651,-0.4075,-0.0323,-0.3752,False,known,mahogany
2026-08-07T19:23:06.128182,0b630cb8-4a19-4014-89ff-40ee0666c97a,1,4,0.8322,0.9905,2075.84,36.19,55.15,mahogany,0.9584,0.0011,-0.4261,-3.028,-0.2637,-0.418,-0.0323,-0.3857,False,known,mahogany
2026-08-07T19:26:33.326137,9f689889-b48a-4058-bdd2-6e98c9fd9155,1,6,0.9214,0.8848,6953.41,50.59,133.36,teak,0.4876,0.1214,0.7084,-1.5254,4.838,0.9149,-0.0323,0.9472,True,known,teak
2026-08-07T19:26:33.326137,9f689889-b48a-4058-bdd2-6e98c9fd9155,1,5,0.9081,0.8436,5879.72,49.01,127.08,teak,0.9087,0.0071,-0.3699,-2.5946,1.2078,-0.291,-0.0323,-0.2587,False,known,teak
2026-08-07T19:26:33.327139,9f689889-b48a-4058-bdd2-6e98c9fd9155,1,4,0.8769,0.7906,5287.89,46.73,122.79,teak,0.9332,0.0049,-0.3902,-2.7933,0.533,-0.3441,-0.0323,-0.3117,False,known,teak
2026-08-07T19:26:33.327139,9f689889-b48a-4058-bdd2-6e98c9fd9155,2,6,0.9558,0.9516,6795.01,51.98,127.95,teak,0.84,0.0226,-0.2239,-2.1551,2.6999,-0.0777,-0.0323,-0.0454,False,known,teak
2026-08-07T19:26:33.327139,9f689889-b48a-4058-bdd2-6e98c9fd9155,2,2,0.8994,0.8653,2821.99,45.14,130.87,teak,0.9292,0.0022,-0.4162,-2.7387,0.7186,-0.3595,-0.0323,-0.3271,False,known,teak
2026-08-07T19:26:33.327139,9f689889-b48a-4058-bdd2-6e98c9fd9155,2,5,0.8916,0.8181,5150.96,49.67,118.73,teak,0.8092,0.0359,-0.0977,-2.0679,2.9961,0.057,-0.0323,0.0893,True,known,teak
2026-08-07T19:28:36.187095,test_eval_02,3,2,0.8404,0.9857,2233.34,38.71,56.44,mahogany,0.9498,0.0005,-0.4317,-2.9075,0.1454,-0.4028,-0.0323,-0.3705,False,known,mahogany
2026-08-07T19:28:36.188095,test_eval_02,3,3,0.8373,0.9901,2124.36,37.33,56.37,mahogany,0.951,0.0005,-0.4324,-2.9311,0.0651,-0.4075,-0.0323,-0.3752,False,known,mahogany
2026-08-07T19:28:36.188095,test_eval_02,3,4,0.8322,0.9905,2075.84,36.19,55.15,mahogany,0.9584,0.0011,-0.4261,-3.028,-0.2637,-0.418,-0.0323,-0.3857,False,known,mahogany
2026-08-07T19:29:53.426466,test_eval_03,3,4,0.9253,0.9467,5179.48,61.4,175.14,rubber,0.91,0.0126,-0.3182,-2.4788,1.6008,-0.2222,-0.0323,-0.1899,False,known,rubber
2026-08-07T19:29:53.426466,test_eval_03,3,5,0.9172,0.9374,4795.8,60.81,179.24,rubber,0.8391,0.0569,0.0997,-2.1813,2.6109,0.2253,-0.0323,0.2576,True,known,rubber
2026-08-07T19:29:53.426466,test_eval_03,3,3,0.8967,0.9366,3862.12,54.08,179.68,rubber,0.8987,0.0217,-0.2323,-2.4087,1.8388,-0.1287,-0.0323,-0.0964,False,known,rubber
2026-08-07T19:29:53.426466,test_eval_03,4,6,0.8714,0.9028,3917.62,50.74,181.65,rubber,0.6241,0.1579,1.0519,-1.8565,3.7139,1.185,-0.0323,1.2173,True,known,rubber
2026-08-07T19:29:53.428474,test_eval_03,4,5,0.8457,0.8536,3603.16,48.1,181.4,rubber,0.9476,0.0029,-0.4092,-2.6871,0.8936,-0.344,-0.0323,-0.3117,False,known,rubber
2026-08-07T19:29:53.428474,test_eval_03,4,4,0.7674,0.6771,2227.02,42.71,180.15,rubber,0.9501,0.0072,-0.3683,-2.7254,0.7636,-0.3117,-0.0323,-0.2794,False,known,rubber
2026-08-07T19:29:53.428474,test_eval_03,5,6,0.948,0.9244,4916.42,65.11,149.19,teak,0.8637,0.0246,-0.2045,-2.3794,1.9385,-0.0973,-0.0323,-0.065,False,known,teak
2026-08-07T19:29:53.428474,test_eval_03,5,5,0.9405,0.8913,4225.77,62.5,145.75,teak,0.9348,0.0024,-0.4143,-2.8009,0.5073,-0.3683,-0.0323,-0.3359,False,known,teak
2026-08-07T19:29:53.428474,test_eval_03,5,4,0.8727,0.7048,3708.2,59.02,145.08,teak,0.8498,0.0217,-0.2315,-2.1626,2.6744,-0.0862,-0.0323,-0.0539,False,known,teak
2026-08-07T19:30:01.340913,test_eval_04,1,1,0.7672,0.4969,626.71,47.75,113.97,teak,0.9187,0.0061,-0.3794,-2.6033,1.1781,-0.3015,-0.0323,-0.2692,False,known,teak
2026-08-07T19:30:01.342919,test_eval_04,2,4,0.7255,0.4635,759.44,38.56,114.53,teak,0.9202,0.0053,-0.387,-2.6541,1.0058,-0.3174,-0.0323,-0.285,False,known,teak
2026-08-07T19:30:01.343478,test_eval_04,4,5,0.8989,0.975,3714.32,52.35,70.65,rubber,0.9409,0.0007,-0.4297,-2.6115,1.1503,-0.3507,-0.0323,-0.3184,False,known,rubber
2026-08-07T19:30:01.343478,test_eval_04,4,6,0.8955,0.9756,3540.71,52.18,68.15,rubber,0.9416,0.001,-0.4276,-2.5934,1.2117,-0.3456,-0.0323,-0.3133,False,known,rubber
2026-08-07T19:30:01.343478,test_eval_04,4,4,0.8881,0.9602,3070.44,52.41,65.75,rubber,0.9369,0.001,-0.427,-2.5969,1.1998,-0.3456,-0.0323,-0.3133,False,known,rubber
2026-08-07T19:30:01.343478,test_eval_04,6,1,0.7677,0.512,334.88,48.17,108.71,teak,0.6917,0.0935,0.4453,-1.819,3.8411,0.6151,-0.0323,0.6474,True,open_set_rejected,Unknown / Unrecognized species
2026-08-07T19:30:10.658163,34167e2c-9367-4a42-b6d0-d253ff3c06d0,1,6,0.9214,0.8848,6953.41,50.59,133.36,teak,0.4876,0.1214,0.7084,-1.5254,4.838,0.9149,-0.0323,0.9472,True,known,teak
2026-08-07T19:30:10.659940,34167e2c-9367-4a42-b6d0-d253ff3c06d0,1,5,0.9081,0.8436,5879.72,49.01,127.08,teak,0.9087,0.0071,-0.3699,-2.5946,1.2078,-0.291,-0.0323,-0.2587,False,known,teak
2026-08-07T19:30:10.659940,34167e2c-9367-4a42-b6d0-d253ff3c06d0,1,4,0.8769,0.7906,5287.89,46.73,122.79,teak,0.9332,0.0049,-0.3902,-2.7933,0.533,-0.3441,-0.0323,-0.3117,False,known,teak
2026-08-07T19:30:10.660445,34167e2c-9367-4a42-b6d0-d253ff3c06d0,2,6,0.9558,0.9516,6795.01,51.98,127.95,teak,0.84,0.0226,-0.2239,-2.1551,2.6999,-0.0777,-0.0323,-0.0454,False,known,teak
2026-08-07T19:30:10.661118,34167e2c-9367-4a42-b6d0-d253ff3c06d0,2,2,0.8994,0.8653,2821.99,45.14,130.87,teak,0.9292,0.0022,-0.4162,-2.7387,0.7186,-0.3595,-0.0323,-0.3271,False,known,teak
2026-08-07T19:30:10.661118,34167e2c-9367-4a42-b6d0-d253ff3c06d0,2,5,0.8916,0.8181,5150.96,49.67,118.73,teak,0.8092,0.0359,-0.0977,-2.0679,2.9961,0.057,-0.0323,0.0893,True,known,teak
2026-08-07T19:30:12.163655,test_eval_05,1,1,0.7707,0.5223,398.16,43.91,120.3,teak,0.913,0.0047,-0.3926,-2.6297,1.0886,-0.3185,-0.0323,-0.2862,False,known,teak
2026-08-07T19:30:12.163655,test_eval_05,6,5,0.9443,0.958,2744.81,53.57,110.85,rubber,0.9475,0.0013,-0.424,-2.7236,0.7698,-0.3643,-0.0323,-0.332,False,known,rubber
2026-08-07T19:30:12.163655,test_eval_05,6,4,0.9437,0.9651,2602.91,51.38,114.48,rubber,0.9461,0.0017,-0.421,-2.6877,0.8915,-0.3554,-0.0323,-0.3231,False,known,rubber
2026-08-07T19:30:12.165665,test_eval_05,6,3,0.9406,0.9868,2974.42,48.4,113.8,rubber,0.9434,0.0044,-0.3954,-2.6869,0.8944,-0.331,-0.0323,-0.2986,False,known,rubber
2026-08-07T19:30:37.259492,5698d9b7-03ee-4264-ae4d-158220a5fa69,1,1,0.8196,0.6066,6059.2,57.88,97.2,teak,0.9116,0.0094,-0.3481,-2.5311,1.4235,-0.2596,-0.0323,-0.2272,False,known,teak
2026-08-07T19:30:37.259492,5698d9b7-03ee-4264-ae4d-158220a5fa69,2,4,0.9458,0.8939,3871.88,69.49,112.99,teak,0.6216,0.1286,0.7755,-1.9102,3.5315,0.9133,-0.0323,0.9457,True,uncertain,Uncertain
2026-08-07T19:30:37.260492,5698d9b7-03ee-4264-ae4d-158220a5fa69,2,2,0.9424,0.8911,2426.02,57.58,137.24,rubber,0.9361,0.0042,-0.3973,-2.6243,1.107,-0.3221,-0.0323,-0.2897,False,uncertain,Uncertain
2026-08-07T19:30:37.260492,5698d9b7-03ee-4264-ae4d-158220a5fa69,2,3,0.9319,0.9102,2659.3,54.6,143.36,rubber,0.8804,0.0314,-0.1407,-2.3347,2.0902,-0.0292,-0.0323,0.0031,True,uncertain,Uncertain
2026-08-07T19:30:37.260492,5698d9b7-03ee-4264-ae4d-158220a5fa69,3,5,0.9348,0.8442,5954.39,61.37,118.44,teak,0.5062,0.1437,0.9183,-1.5862,4.6314,1.1039,-0.0323,1.1363,True,open_set_rejected,Unknown / Unrecognized species
2026-08-07T19:30:37.261493,5698d9b7-03ee-4264-ae4d-158220a5fa69,3,6,0.9234,0.9028,7195.45,68.73,91.35,teak,0.8272,0.0282,-0.1704,-2.1099,2.8532,-0.0192,-0.0323,0.0131,True,open_set_rejected,Unknown / Unrecognized species
2026-08-07T19:30:37.261493,5698d9b7-03ee-4264-ae4d-158220a5fa69,3,4,0.9129,0.8496,4309.77,52.7,118.93,teak,0.8317,0.0336,-0.1194,-2.1353,2.7672,0.0249,-0.0323,0.0572,True,open_set_rejected,Unknown / Unrecognized species
2026-08-07T19:30:37.261493,5698d9b7-03ee-4264-ae4d-158220a5fa69,4,5,0.8317,0.7253,4884.42,49.05,97.19,teak,0.9314,0.0033,-0.4053,-2.7205,0.7801,-0.3461,-0.0323,-0.3137,False,known,teak
2026-08-07T19:30:37.261493,5698d9b7-03ee-4264-ae4d-158220a5fa69,4,6,0.8092,0.5662,6094.65,60.11,94.41,teak,0.9122,0.0068,-0.3723,-2.588,1.2303,-0.2922,-0.0323,-0.2598,False,known,teak
2026-08-07T19:30:37.262492,5698d9b7-03ee-4264-ae4d-158220a5fa69,4,1,0.7477,0.5192,5007.05,53.26,75.18,teak,0.9164,0.0069,-0.372,-2.6225,1.1129,-0.2977,-0.0323,-0.2654,False,known,teak
2026-08-07T19:31:07.579302,test_eval_07,3,6,0.9025,0.9097,2535.69,54.51,87.04,teak,0.933,0.0034,-0.4043,-2.745,0.6971,-0.3492,-0.0323,-0.3169,False,known,teak
2026-08-07T19:31:07.581318,test_eval_07,3,5,0.8932,0.8449,2770.25,53.73,100.63,teak,0.8427,0.0247,-0.2036,-2.1659,2.6633,-0.0602,-0.0323,-0.0279,False,known,teak
2026-08-07T19:31:07.581318,test_eval_07,3,4,0.8657,0.778,2403.87,48.91,110.82,teak,0.9293,0.0033,-0.4051,-2.718,0.7886,-0.3454,-0.0323,-0.3131,False,known,teak
2026-08-07T19:31:07.581318,test_eval_07,4,5,0.9563,0.9692,2033.04,57.95,105.28,rubber,0.8032,0.0722,0.2439,-2.025,3.1418,0.3888,-0.0323,0.4211,True,open_set_rejected,Unknown / Unrecognized species
2026-08-07T19:31:07.581318,test_eval_07,4,4,0.9505,0.9691,1976.85,51.7,118.11,teak,0.6797,0.1056,0.5594,-1.834,3.7902,0.721,-0.0323,0.7533,True,open_set_rejected,Unknown / Unrecognized species
2026-08-07T19:31:07.581318,test_eval_07,4,3,0.9255,0.946,1787.4,47.22,116.48,teak,0.482,0.1757,1.2204,-1.5786,4.6574,1.3922,-0.0323,1.4245,True,open_set_rejected,Unknown / Unrecognized species
2026-08-07T19:31:45.972951,test_eval_08,1,1,0.5413,0.5437,96.86,27.53,55.64,teak,0.9001,0.0095,-0.3473,-2.4306,1.7646,-0.2417,-0.0323,-0.2093,False,known,teak
2026-08-07T19:31:45.973957,test_eval_08,3,3,0.7664,0.8955,622.77,30.12,44.65,mahogany,0.8988,0.0169,-0.2772,-2.4785,1.6019,-0.1832,-0.0323,-0.1509,False,known,mahogany
2026-08-07T19:31:45.973957,test_eval_08,3,6,0.7429,0.9522,229.85,21.95,31.04,mahogany,0.9521,0.0016,-0.4214,-2.9733,-0.0781,-0.4043,-0.0323,-0.3719,False,known,mahogany
2026-08-07T19:31:45.973957,test_eval_08,3,4,0.7375,0.8818,447.02,25.4,37.59,mahogany,0.9385,0.0049,-0.3903,-2.8029,0.5004,-0.3458,-0.0323,-0.3135,False,known,mahogany
2026-08-07T19:31:45.974957,test_eval_08,4,5,0.6244,0.5797,313.95,21.77,41.57,mahogany,0.8653,0.0321,-0.1335,-2.3062,2.1871,-0.0175,-0.0323,0.0148,True,uncertain,Uncertain
2026-08-07T19:31:45.974957,test_eval_08,4,4,0.6095,0.5144,338.8,22.55,46.19,mahogany,0.9148,0.0122,-0.3219,-2.568,1.2979,-0.2409,-0.0323,-0.2086,False,uncertain,Uncertain
2026-08-07T19:31:45.974957,test_eval_08,4,6,0.6017,0.5556,241.26,19.71,35.34,teak,0.6411,0.1414,0.897,-1.7625,4.0329,1.0537,-0.0323,1.0861,True,uncertain,Uncertain
2026-08-07T19:31:45.974957,test_eval_08,7,4,0.7591,0.9921,153.74,19.83,38.88,pine,0.8963,0.0256,-0.1956,-2.8128,0.467,-0.1625,-0.0323,-0.1302,False,known,pine
2026-08-07T19:31:45.974957,test_eval_08,7,3,0.7583,0.9805,149.42,19.9,42.45,mahogany,0.4866,0.2099,1.543,-1.9572,3.3717,1.6344,-0.0323,1.6667,True,known,pine
2026-08-07T19:31:45.974957,test_eval_08,7,5,0.7408,0.9811,143.65,19.19,39.25,pine,0.9131,0.0159,-0.2869,-2.9026,0.1618,-0.2645,-0.0323,-0.2322,False,known,pine
2026-08-07T19:33:09.360631,test_eval_09,3,4,0.9253,0.9467,5179.48,61.4,175.14,rubber,0.91,0.0126,-0.3182,-2.4788,1.6008,-0.2222,-0.0323,-0.1899,False,known,rubber
2026-08-07T19:33:09.361202,test_eval_09,3,5,0.9172,0.9374,4795.8,60.81,179.24,rubber,0.8391,0.0569,0.0997,-2.1813,2.6109,0.2253,-0.0323,0.2576,True,known,rubber
2026-08-07T19:33:09.361202,test_eval_09,3,3,0.8967,0.9366,3862.12,54.08,179.68,rubber,0.8987,0.0217,-0.2323,-2.4087,1.8388,-0.1287,-0.0323,-0.0964,False,known,rubber
2026-08-07T19:33:09.361202,test_eval_09,4,6,0.8714,0.9028,3917.62,50.74,181.65,rubber,0.6241,0.1579,1.0519,-1.8565,3.7139,1.185,-0.0323,1.2173,True,known,rubber
2026-08-07T19:33:09.361202,test_eval_09,4,5,0.8457,0.8536,3603.16,48.1,181.4,rubber,0.9476,0.0029,-0.4092,-2.6871,0.8936,-0.344,-0.0323,-0.3117,False,known,rubber
2026-08-07T19:33:09.361202,test_eval_09,4,4,0.7674,0.6771,2227.02,42.71,180.15,rubber,0.9501,0.0072,-0.3683,-2.7254,0.7636,-0.3117,-0.0323,-0.2794,False,known,rubber
2026-08-07T19:33:09.361202,test_eval_09,5,6,0.948,0.9244,4916.42,65.11,149.19,teak,0.8637,0.0246,-0.2045,-2.3794,1.9385,-0.0973,-0.0323,-0.065,False,known,teak
2026-08-07T19:33:09.361202,test_eval_09,5,5,0.9405,0.8913,4225.77,62.5,145.75,teak,0.9348,0.0024,-0.4143,-2.8009,0.5073,-0.3683,-0.0323,-0.3359,False,known,teak
2026-08-07T19:33:09.361202,test_eval_09,5,4,0.8727,0.7048,3708.2,59.02,145.08,teak,0.8498,0.0217,-0.2315,-2.1626,2.6744,-0.0862,-0.0323,-0.0539,False,known,teak
2026-08-07T19:33:21.452472,test_eval_10,2,1,0.696,0.496,4031.23,40.04,75.57,teak,0.8632,0.0183,-0.2636,-2.3128,2.1647,-0.1422,-0.0323,-0.1099,False,known,teak
2026-08-07T19:33:21.453528,test_eval_10,3,1,0.7241,0.444,4428.15,49.78,87.34,teak,0.9032,0.009,-0.352,-2.5046,1.5133,-0.2588,-0.0323,-0.2265,False,known,teak
2026-08-07T19:33:21.454628,test_eval_10,4,6,0.915,0.9005,1269.13,62.09,84.86,teak,0.9297,0.0067,-0.3739,-2.7684,0.6177,-0.3243,-0.0323,-0.292,False,known,teak
2026-08-07T19:33:21.454628,test_eval_10,4,5,0.8991,0.9305,2165.08,57.27,70.15,teak,0.9039,0.011,-0.3331,-2.5756,1.2723,-0.2529,-0.0323,-0.2205,False,known,teak
2026-08-07T19:33:21.454628,test_eval_10,4,4,0.8221,0.9667,2388.46,40.84,40.45,teak,0.5988,0.1102,0.6023,-1.5781,4.659,0.8051,-0.0323,0.8374,True,known,teak
2026-08-07T19:33:21.454628,test_eval_10,10,6,0.8365,0.8507,5072.53,47.86,67.36,rubber,0.5755,0.1965,1.4165,-1.6461,4.4281,1.5671,-0.0323,1.5994,True,open_set_rejected,Unknown / Unrecognized species
2026-08-07T19:33:21.454628,test_eval_10,10,5,0.8183,0.8122,5141.56,48.38,61.87,teak,0.4062,0.2282,1.7149,-1.5451,4.7712,1.8677,-0.0323,1.9,True,open_set_rejected,Unknown / Unrecognized species
2026-08-07T19:33:21.456640,test_eval_10,10,4,0.801,0.7402,4751.93,49.69,64.86,mahogany,0.523,0.164,1.1095,-1.6441,4.4349,1.2758,-0.0323,1.3081,True,open_set_rejected,Unknown / Unrecognized species
2026-08-07T19:33:21.456640,test_eval_10,11,5,0.712,0.566,2911.36,44.13,56.73,teak,0.5904,0.1292,0.7816,-1.7318,4.1371,0.9494,-0.0323,0.9817,True,uncertain,Uncertain
2026-08-07T19:33:21.456640,test_eval_10,11,6,0.7103,0.4846,3026.81,48.16,68.14,teak,0.816,0.0271,-0.1811,-2.1478,2.7247,-0.0358,-0.0323,-0.0035,False,uncertain,Uncertain
2026-08-07T19:33:21.456640,test_eval_10,11,4,0.6889,0.5177,2456.83,41.79,58.13,teak,0.5174,0.1726,1.1914,-1.6456,4.4299,1.3533,-0.0323,1.3856,True,uncertain,Uncertain
2026-08-07T19:33:24.862295,0017ba09-10b4-4544-8d8b-852ac1894429,1,6,0.8983,0.991,6462.71,45.05,86.11,rubber,0.9365,0.004,-0.3991,-2.575,1.2744,-0.3154,-0.0323,-0.2831,False,known,rubber
2026-08-07T19:33:24.862295,0017ba09-10b4-4544-8d8b-852ac1894429,1,5,0.8835,0.9814,6239.62,43.41,80.99,rubber,0.8942,0.0295,-0.158,-2.3651,1.9869,-0.0508,-0.0323,-0.0184,False,known,rubber
2026-08-07T19:33:24.862295,0017ba09-10b4-4544-8d8b-852ac1894429,1,4,0.8314,0.8641,5704.65,41.54,76.92,rubber,0.8846,0.0231,-0.219,-2.3107,2.1717,-0.0994,-0.0323,-0.0671,False,known,rubber
2026-08-07T19:34:00.976086,8ee5f22c-9a9f-44a1-a963-335c4eb08dc2,1,6,0.8704,0.9795,1553.62,47.83,57.96,rubber,0.6173,0.1373,0.8576,-1.5715,4.6814,1.0488,-0.0323,1.0811,True,open_set_rejected,Unknown / Unrecognized species
2026-08-07T19:34:00.976086,8ee5f22c-9a9f-44a1-a963-335c4eb08dc2,1,4,0.8467,0.9837,1226.06,39.1,61.27,teak,0.6126,0.0876,0.389,-1.6728,4.3373,0.5864,-0.0323,0.6187,True,open_set_rejected,Unknown / Unrecognized species
2026-08-07T19:34:00.976086,8ee5f22c-9a9f-44a1-a963-335c4eb08dc2,1,5,0.8464,0.9739,1339.05,41.25,57.81,rubber,0.6775,0.1026,0.5313,-1.6689,4.3507,0.7223,-0.0323,0.7546,True,open_set_rejected,Unknown / Unrecognized species
2026-08-07T19:34:00.977593,8ee5f22c-9a9f-44a1-a963-335c4eb08dc2,2,4,0.8084,0.7393,1687.73,39.65,99.82,teak,0.9395,0.0032,-0.4066,-2.8047,0.4944,-0.3616,-0.0323,-0.3293,False,known,teak
2026-08-07T19:34:00.978113,8ee5f22c-9a9f-44a1-a963-335c4eb08dc2,2,6,0.7944,0.6393,1235.58,38.58,134.31,teak,0.9213,0.0066,-0.3743,-2.6386,1.0584,-0.3027,-0.0323,-0.2704,False,known,teak
2026-08-07T19:34:00.978113,8ee5f22c-9a9f-44a1-a963-335c4eb08dc2,2,5,0.7842,0.6376,1595.63,38.45,112.95,teak,0.9127,0.0078,-0.3628,-2.5678,1.2988,-0.2797,-0.0323,-0.2474,False,known,teak
2026-08-07T19:34:00.978113,8ee5f22c-9a9f-44a1-a963-335c4eb08dc2,3,6,0.8456,0.6728,1849.89,49.2,124.24,teak,0.9271,0.005,-0.3891,-2.718,0.7886,-0.3302,-0.0323,-0.2979,False,known,teak
2026-08-07T19:34:00.978113,8ee5f22c-9a9f-44a1-a963-335c4eb08dc2,3,5,0.7869,0.5703,2103.17,41.57,126.4,teak,0.9299,0.0042,-0.3968,-2.7571,0.6559,-0.3441,-0.0323,-0.3118,False,known,teak
2026-08-07T19:34:00.978113,8ee5f22c-9a9f-44a1-a963-335c4eb08dc2,3,3,0.7639,0.5749,2795.64,48.27,86.53,teak,0.9031,0.0105,-0.3379,-2.5609,1.3223,-0.2549,-0.0323,-0.2226,False,known,teak
2026-08-07T19:34:33.977803,bfb423c0-e775-4ebe-9a9e-d9f8f4c30f17,1,6,0.8667,0.8217,4274.47,49.78,96.16,mahogany,0.422,0.1792,1.2531,-1.426,5.1753,1.4493,-0.0323,1.4816,True,known,teak
2026-08-07T19:34:33.977803,bfb423c0-e775-4ebe-9a9e-d9f8f4c30f17,1,2,0.8552,0.8747,2814.61,43.72,87.85,teak,0.8068,0.0248,-0.2025,-2.0683,2.9945,-0.0426,-0.0323,-0.0103,False,known,teak
2026-08-07T19:34:33.977803,bfb423c0-e775-4ebe-9a9e-d9f8f4c30f17,1,5,0.8477,0.8439,4349.11,43.84,90.27,teak,0.8727,0.02,-0.2483,-2.2957,2.2226,-0.1248,-0.0323,-0.0925,False,known,teak
2026-08-07T19:34:33.977803,bfb423c0-e775-4ebe-9a9e-d9f8f4c30f17,2,6,0.9532,0.9354,1132.47,64.54,106.92,rubber,0.667,0.1097,0.5977,-1.9116,3.5267,0.7441,-0.0323,0.7764,True,open_set_rejected,Unknown / Unrecognized species
2026-08-07T19:34:33.977803,bfb423c0-e775-4ebe-9a9e-d9f8f4c30f17,2,5,0.9345,0.9443,1650.38,60.26,88.37,pine,0.5548,0.1642,1.112,-1.8198,3.8384,1.2483,-0.0323,1.2806,True,open_set_rejected,Unknown / Unrecognized species
2026-08-07T19:34:33.981157,bfb423c0-e775-4ebe-9a9e-d9f8f4c30f17,2,4,0.8647,0.9178,2104.64,50.77,63.09,rubber,0.476,0.2764,2.17,-1.3805,5.33,2.328,-0.0323,2.3603,True,open_set_rejected,Unknown / Unrecognized species
2026-08-07T19:36:36.817699,4a0bf068-f9e2-4076-a8e2-2116f5d9d176,5,1,0.7589,0.4616,8072.5,58.41,87.22,teak,0.8105,0.0383,-0.0754,-2.0783,2.9607,0.0764,-0.0323,0.1087,True,open_set_rejected,Unknown / Unrecognized species
2026-08-07T19:36:36.817699,4a0bf068-f9e2-4076-a8e2-2116f5d9d176,6,1,0.7804,0.4866,5572.61,54.71,146.46,teak,0.8836,0.0132,-0.3118,-2.3158,2.1544,-0.1885,-0.0323,-0.1561,False,known,teak
2026-08-07T19:36:36.817699,4a0bf068-f9e2-4076-a8e2-2116f5d9d176,7,1,0.8803,0.6631,7130.44,62.12,129.05,teak,0.6451,0.0923,0.4342,-1.6615,4.3759,0.6313,-0.0323,0.6636,True,open_set_rejected,Unknown / Unrecognized species
2026-08-07T19:36:36.817699,4a0bf068-f9e2-4076-a8e2-2116f5d9d176,9,6,0.9676,0.9231,11364.34,65.35,122.82,rubber,0.532,0.1977,1.4274,-1.6393,4.4513,1.5786,-0.0323,1.6109,True,open_set_rejected,Unknown / Unrecognized species
2026-08-07T19:36:36.819070,4a0bf068-f9e2-4076-a8e2-2116f5d9d176,9,5,0.9525,0.869,10524.81,64.85,128.94,teak,0.6354,0.0836,0.3513,-1.659,4.3842,0.5529,-0.0323,0.5852,True,open_set_rejected,Unknown / Unrecognized species
2026-08-07T19:36:36.819070,4a0bf068-f9e2-4076-a8e2-2116f5d9d176,9,4,0.9337,0.8256,6785.24,61.3,131.94,teak,0.473,0.1679,1.1466,-1.5611,4.7166,1.3251,-0.0323,1.3575,True,open_set_rejected,Unknown / Unrecognized species
2026-08-07T19:36:36.819070,4a0bf068-f9e2-4076-a8e2-2116f5d9d176,11,6,0.7914,0.4719,8023.82,53.68,129.78,teak,0.9181,0.0061,-0.3794,-2.653,1.0095,-0.3099,-0.0323,-0.2776,False,known,teak
2026-08-07T19:36:36.819070,4a0bf068-f9e2-4076-a8e2-2116f5d9d176,11,4,0.7668,0.4501,7248.02,54.64,108.11,teak,0.8977,0.0092,-0.35,-2.4891,1.5658,-0.2542,-0.0323,-0.2219,False,known,teak
2026-08-07T19:37:25.990759,5960940c-47ce-4bb3-b374-0aee77436833,4,4,0.8973,0.9852,1603.89,43.08,92.52,rubber,0.9462,0.0021,-0.4165,-2.6857,0.8983,-0.3508,-0.0323,-0.3185,False,known,rubber
2026-08-07T19:37:25.991758,5960940c-47ce-4bb3-b374-0aee77436833,4,3,0.8964,0.9928,1604.37,39.74,98.99,rubber,0.9372,0.003,-0.4084,-2.5725,1.2828,-0.3239,-0.0323,-0.2915,False,known,rubber
2026-08-07T19:37:25.991758,5960940c-47ce-4bb3-b374-0aee77436833,4,2,0.8941,0.9962,1470.53,36.96,103.85,rubber,0.9476,0.001,-0.427,-2.6829,0.9078,-0.3602,-0.0323,-0.3279,False,known,rubber
2026-08-07T19:37:25.991758,5960940c-47ce-4bb3-b374-0aee77436833,5,5,0.8719,0.9838,1556.05,37.07,88.44,mahogany,0.8943,0.0226,-0.2232,-2.5175,1.4696,-0.1386,-0.0323,-0.1063,False,uncertain,Uncertain
2026-08-07T19:37:25.991758,5960940c-47ce-4bb3-b374-0aee77436833,5,6,0.8652,0.986,1511.34,36.49,83.67,mahogany,0.8586,0.0485,0.0208,-2.3752,1.9525,0.1174,-0.0323,0.1497,True,uncertain,Uncertain
2026-08-07T19:37:25.992759,5960940c-47ce-4bb3-b374-0aee77436833,5,1,0.8202,0.8561,1417.33,35.92,85.68,mahogany,0.7742,0.0766,0.2855,-2.0989,2.8908,0.4158,-0.0323,0.4481,True,uncertain,Uncertain
2026-08-07T19:37:25.992759,5960940c-47ce-4bb3-b374-0aee77436833,8,1,0.8591,0.7353,1021.48,48.03,120.39,teak,0.9426,0.0015,-0.4227,-2.9242,0.0888,-0.3971,-0.0323,-0.3648,False,known,teak
2026-08-07T19:37:25.993262,5960940c-47ce-4bb3-b374-0aee77436833,11,2,0.9054,0.9891,3451.85,43.61,96.8,mahogany,0.9482,0.0007,-0.4302,-2.9016,0.1653,-0.4004,-0.0323,-0.3681,False,known,mahogany
2026-08-07T19:37:25.993262,5960940c-47ce-4bb3-b374-0aee77436833,11,4,0.9041,0.9914,3328.04,42.79,97.26,mahogany,0.9488,0.0004,-0.4325,-2.9109,0.134,-0.4041,-0.0323,-0.3718,False,known,mahogany
2026-08-07T19:37:25.993262,5960940c-47ce-4bb3-b374-0aee77436833,11,5,0.9005,0.9862,3214.08,42.46,96.69,mahogany,0.945,0.0005,-0.4322,-2.8478,0.3482,-0.3932,-0.0323,-0.3608,False,known,mahogany
2026-08-07T19:37:25.993262,5960940c-47ce-4bb3-b374-0aee77436833,12,1,0.6981,0.4945,1526.28,30.98,103.5,teak,0.9029,0.0091,-0.3512,-2.5223,1.4534,-0.261,-0.0323,-0.2287,False,known,teak
2026-08-08T04:40:50.138799,81ed6daa-4dfe-4557-a1a1-c1d648a9147f,3,4,0.9253,0.9467,5179.48,61.4,175.14,rubber,0.91,0.0126,-0.3182,-2.4788,1.6008,-0.2222,-0.0323,-0.1899,False,known,rubber
2026-08-08T04:40:50.139828,81ed6daa-4dfe-4557-a1a1-c1d648a9147f,3,5,0.9172,0.9374,4795.8,60.81,179.24,rubber,0.8391,0.0569,0.0997,-2.1813,2.6109,0.2253,-0.0323,0.2576,True,known,rubber
2026-08-08T04:40:50.139828,81ed6daa-4dfe-4557-a1a1-c1d648a9147f,3,3,0.8967,0.9366,3862.12,54.08,179.68,rubber,0.8987,0.0217,-0.2323,-2.4087,1.8388,-0.1287,-0.0323,-0.0964,False,known,rubber
2026-08-08T04:40:50.140799,81ed6daa-4dfe-4557-a1a1-c1d648a9147f,4,6,0.8714,0.9028,3917.62,50.74,181.65,rubber,0.6241,0.1579,1.0519,-1.8565,3.7139,1.185,-0.0323,1.2173,True,known,rubber
2026-08-08T04:40:50.140799,81ed6daa-4dfe-4557-a1a1-c1d648a9147f,4,5,0.8457,0.8536,3603.16,48.1,181.4,rubber,0.9476,0.0029,-0.4092,-2.6871,0.8936,-0.344,-0.0323,-0.3117,False,known,rubber
2026-08-08T04:40:50.141797,81ed6daa-4dfe-4557-a1a1-c1d648a9147f,4,4,0.7674,0.6771,2227.02,42.71,180.15,rubber,0.9501,0.0072,-0.3683,-2.7254,0.7636,-0.3117,-0.0323,-0.2794,False,known,rubber
2026-08-08T04:40:50.141797,81ed6daa-4dfe-4557-a1a1-c1d648a9147f,5,6,0.948,0.9244,4916.42,65.11,149.19,teak,0.8637,0.0246,-0.2045,-2.3794,1.9385,-0.0973,-0.0323,-0.065,False,known,teak
2026-08-08T04:40:50.141797,81ed6daa-4dfe-4557-a1a1-c1d648a9147f,5,5,0.9405,0.8913,4225.77,62.5,145.75,teak,0.9348,0.0024,-0.4143,-2.8009,0.5073,-0.3683,-0.0323,-0.3359,False,known,teak
2026-08-08T04:40:50.141797,81ed6daa-4dfe-4557-a1a1-c1d648a9147f,5,4,0.8727,0.7048,3708.2,59.02,145.08,teak,0.8498,0.0217,-0.2315,-2.1626,2.6744,-0.0862,-0.0323,-0.0539,False,known,teak
2026-08-08T04:44:37.078758,063cd2e9-bafd-433d-8c64-6e448e334691,3,2,0.8404,0.9857,2233.34,38.71,56.44,mahogany,0.9498,0.0005,-0.4317,-2.9075,0.1454,-0.4028,-0.0323,-0.3705,False,known,mahogany
2026-08-08T04:44:37.079758,063cd2e9-bafd-433d-8c64-6e448e334691,3,3,0.8373,0.9901,2124.36,37.33,56.37,mahogany,0.951,0.0005,-0.4324,-2.9311,0.0651,-0.4075,-0.0323,-0.3752,False,known,mahogany
2026-08-08T04:44:37.079758,063cd2e9-bafd-433d-8c64-6e448e334691,3,4,0.8322,0.9905,2075.84,36.19,55.15,mahogany,0.9584,0.0011,-0.4261,-3.028,-0.2637,-0.418,-0.0323,-0.3857,False,known,mahogany
2026-08-08T04:45:40.471654,a781cbfa-2bc7-4341-a3e1-3f6d841b5db6,3,2,0.8404,0.9857,2233.34,38.71,56.44,mahogany,0.9498,0.0005,-0.4317,-2.9075,0.1454,-0.4028,-0.0323,-0.3705,False,known,mahogany
2026-08-08T04:45:40.471654,a781cbfa-2bc7-4341-a3e1-3f6d841b5db6,3,3,0.8373,0.9901,2124.36,37.33,56.37,mahogany,0.951,0.0005,-0.4324,-2.9311,0.0651,-0.4075,-0.0323,-0.3752,False,known,mahogany
2026-08-08T04:45:40.472654,a781cbfa-2bc7-4341-a3e1-3f6d841b5db6,3,4,0.8322,0.9905,2075.84,36.19,55.15,mahogany,0.9584,0.0011,-0.4261,-3.028,-0.2637,-0.418,-0.0323,-0.3857,False,known,mahogany
2026-08-08T04:46:02.021507,5ee17543-cb1c-420a-8af1-db807a323420,4,4,0.8973,0.9852,1603.89,43.08,92.52,rubber,0.9462,0.0021,-0.4165,-2.6857,0.8983,-0.3508,-0.0323,-0.3185,False,known,rubber
2026-08-08T04:46:02.022516,5ee17543-cb1c-420a-8af1-db807a323420,4,3,0.8964,0.9928,1604.37,39.74,98.99,rubber,0.9372,0.003,-0.4084,-2.5725,1.2828,-0.3239,-0.0323,-0.2915,False,known,rubber
2026-08-08T04:46:02.022516,5ee17543-cb1c-420a-8af1-db807a323420,4,2,0.8941,0.9962,1470.53,36.96,103.85,rubber,0.9476,0.001,-0.427,-2.6829,0.9078,-0.3602,-0.0323,-0.3279,False,known,rubber
2026-08-08T04:46:02.023516,5ee17543-cb1c-420a-8af1-db807a323420,5,5,0.8719,0.9838,1556.05,37.07,88.44,mahogany,0.8943,0.0226,-0.2232,-2.5175,1.4696,-0.1386,-0.0323,-0.1063,False,uncertain,Uncertain
2026-08-08T04:46:02.023516,5ee17543-cb1c-420a-8af1-db807a323420,5,6,0.8652,0.986,1511.34,36.49,83.67,mahogany,0.8586,0.0485,0.0208,-2.3752,1.9525,0.1174,-0.0323,0.1497,True,uncertain,Uncertain
2026-08-08T04:46:02.023516,5ee17543-cb1c-420a-8af1-db807a323420,5,1,0.8202,0.8561,1417.33,35.92,85.68,mahogany,0.7742,0.0766,0.2855,-2.0989,2.8908,0.4158,-0.0323,0.4481,True,uncertain,Uncertain
2026-08-08T04:46:02.024516,5ee17543-cb1c-420a-8af1-db807a323420,8,1,0.8591,0.7353,1021.48,48.03,120.39,teak,0.9426,0.0015,-0.4227,-2.9242,0.0888,-0.3971,-0.0323,-0.3648,False,known,teak
2026-08-08T04:46:02.024516,5ee17543-cb1c-420a-8af1-db807a323420,11,2,0.9054,0.9891,3451.85,43.61,96.8,mahogany,0.9482,0.0007,-0.4302,-2.9016,0.1653,-0.4004,-0.0323,-0.3681,False,known,mahogany
2026-08-08T04:46:02.024516,5ee17543-cb1c-420a-8af1-db807a323420,11,4,0.9041,0.9914,3328.04,42.79,97.26,mahogany,0.9488,0.0004,-0.4325,-2.9109,0.134,-0.4041,-0.0323,-0.3718,False,known,mahogany
2026-08-08T04:46:02.024516,5ee17543-cb1c-420a-8af1-db807a323420,11,5,0.9005,0.9862,3214.08,42.46,96.69,mahogany,0.945,0.0005,-0.4322,-2.8478,0.3482,-0.3932,-0.0323,-0.3608,False,known,mahogany
2026-08-08T04:46:02.024516,5ee17543-cb1c-420a-8af1-db807a323420,12,1,0.6981,0.4945,1526.28,30.98,103.5,teak,0.9029,0.0091,-0.3512,-2.5223,1.4534,-0.261,-0.0323,-0.2287,False,known,teak
2026-08-08T05:18:37.660524,pine__pine_001,2,5,0.7751,0.8736,880.18,28.8,62.36,mahogany,0.9174,0.0063,-0.3775,-2.5965,1.2013,-0.2986,-0.0323,-0.2662,False,known,mahogany
2026-08-08T05:18:37.661526,pine__pine_001,2,6,0.763,0.888,577.48,25.84,56.17,mahogany,0.9355,0.0028,-0.4103,-2.7806,0.5761,-0.361,-0.0323,-0.3287,False,known,mahogany
2026-08-08T05:18:37.661526,pine__pine_001,2,4,0.7402,0.6874,1391.89,35.19,69.92,mahogany,0.7843,0.0682,0.2067,-2.0747,2.973,0.345,-0.0323,0.3773,True,known,mahogany
2026-08-08T05:18:37.661526,pine__pine_001,4,3,0.8107,0.9336,1279.18,32.48,64.29,mahogany,0.9353,0.0012,-0.4254,-2.7703,0.6113,-0.3736,-0.0323,-0.3412,False,known,mahogany
2026-08-08T05:18:37.661526,pine__pine_001,4,4,0.7992,0.9231,1032.82,31.61,60.12,mahogany,0.9385,0.0017,-0.4207,-2.7987,0.5146,-0.3739,-0.0323,-0.3416,False,known,mahogany
2026-08-08T05:18:37.662834,pine__pine_001,4,2,0.7918,0.9161,1090.05,29.56,61.77,mahogany,0.9324,0.001,-0.4268,-2.7432,0.7031,-0.3703,-0.0323,-0.338,False,known,mahogany
2026-08-08T05:18:37.662834,pine__pine_001,10,4,0.6643,0.406,1517.42,41.27,71.9,teak,0.8683,0.0239,-0.211,-2.3953,1.8845,-0.1062,-0.0323,-0.0739,False,known,teak
2026-08-08T05:18:37.662834,pine__pine_001,13,6,0.729,0.7893,981.37,28.23,49.9,mahogany,0.9296,0.0096,-0.3462,-2.7318,0.7418,-0.2918,-0.0323,-0.2595,False,known,mahogany
2026-08-08T05:18:37.662834,pine__pine_001,13,5,0.7219,0.7502,928.6,29.28,52.49,mahogany,0.936,0.0065,-0.3751,-2.7802,0.5775,-0.3275,-0.0323,-0.2952,False,known,mahogany
2026-08-08T05:18:37.663844,pine__pine_001,13,4,0.71,0.782,437.21,23.16,50.21,mahogany,0.9508,0.0036,-0.4028,-2.9848,-0.1169,-0.3885,-0.0323,-0.3562,False,known,mahogany
2026-08-08T05:18:54.881807,pine__pine_002,5,2,0.6956,0.8759,188.65,17.1,27.24,mahogany,0.9227,0.0092,-0.35,-2.6731,0.941,-0.2854,-0.0323,-0.2531,False,known,mahogany
2026-08-08T05:18:54.882804,pine__pine_002,7,2,0.6689,0.6653,180.07,25.93,42.19,mahogany,0.89,0.0276,-0.1764,-2.4778,1.6041,-0.0874,-0.0323,-0.0551,False,known,mahogany
2026-08-08T05:18:54.882804,pine__pine_002,7,3,0.6455,0.7257,168.33,16.65,30.62,mahogany,0.9498,0.0027,-0.4108,-2.9675,-0.0584,-0.3932,-0.0323,-0.3609,False,known,mahogany
2026-08-08T05:19:55.765581,rubber__2026_06_16_11_01_09_IMG_6687,3,4,0.9253,0.9467,5179.48,61.4,175.14,rubber,0.91,0.0126,-0.3182,-2.4788,1.6008,-0.2222,-0.0323,-0.1899,False,known,rubber
2026-08-08T05:19:55.765581,rubber__2026_06_16_11_01_09_IMG_6687,3,5,0.9172,0.9374,4795.8,60.81,179.24,rubber,0.8391,0.0569,0.0997,-2.1813,2.6109,0.2253,-0.0323,0.2576,True,known,rubber
2026-08-08T05:19:55.766581,rubber__2026_06_16_11_01_09_IMG_6687,3,3,0.8967,0.9366,3862.12,54.08,179.68,rubber,0.8987,0.0217,-0.2323,-2.4087,1.8388,-0.1287,-0.0323,-0.0964,False,known,rubber
2026-08-08T05:19:55.766581,rubber__2026_06_16_11_01_09_IMG_6687,4,6,0.8714,0.9028,3917.62,50.74,181.65,rubber,0.6241,0.1579,1.0519,-1.8565,3.7139,1.185,-0.0323,1.2173,True,known,rubber
2026-08-08T05:19:55.766581,rubber__2026_06_16_11_01_09_IMG_6687,4,5,0.8457,0.8536,3603.16,48.1,181.4,rubber,0.9476,0.0029,-0.4092,-2.6871,0.8936,-0.344,-0.0323,-0.3117,False,known,rubber
2026-08-08T05:19:55.766581,rubber__2026_06_16_11_01_09_IMG_6687,4,4,0.7674,0.6771,2227.02,42.71,180.15,rubber,0.9501,0.0072,-0.3683,-2.7254,0.7636,-0.3117,-0.0323,-0.2794,False,known,rubber
2026-08-08T05:19:55.767582,rubber__2026_06_16_11_01_09_IMG_6687,5,6,0.948,0.9244,4916.42,65.11,149.19,teak,0.8637,0.0246,-0.2045,-2.3794,1.9385,-0.0973,-0.0323,-0.065,False,known,teak
2026-08-08T05:19:55.767582,rubber__2026_06_16_11_01_09_IMG_6687,5,5,0.9405,0.8913,4225.77,62.5,145.75,teak,0.9348,0.0024,-0.4143,-2.8009,0.5073,-0.3683,-0.0323,-0.3359,False,known,teak
2026-08-08T05:19:55.767582,rubber__2026_06_16_11_01_09_IMG_6687,5,4,0.8727,0.7048,3708.2,59.02,145.08,teak,0.8498,0.0217,-0.2315,-2.1626,2.6744,-0.0862,-0.0323,-0.0539,False,known,teak
2026-08-08T05:20:06.166581,rubber__2026_06_16_11_02_05_IMG_6688,2,1,0.7826,0.6179,1926.94,49.6,169.1,rubber,0.9328,0.0034,-0.4045,-2.5561,1.3385,-0.3174,-0.0323,-0.285,False,known,rubber
2026-08-08T05:22:31.697340,pine__pine_001,2,5,0.7751,0.8736,880.18,28.8,62.36,mahogany,0.9174,0.0063,-0.3775,-2.5965,1.2013,-0.2986,-0.0323,-0.2662,False,known,mahogany
2026-08-08T05:22:31.697340,pine__pine_001,2,6,0.763,0.888,577.48,25.84,56.17,mahogany,0.9355,0.0028,-0.4103,-2.7806,0.5761,-0.361,-0.0323,-0.3287,False,known,mahogany
2026-08-08T05:22:31.698342,pine__pine_001,2,4,0.7402,0.6874,1391.89,35.19,69.92,mahogany,0.7843,0.0682,0.2067,-2.0747,2.973,0.345,-0.0323,0.3773,True,known,mahogany
2026-08-08T05:22:31.698342,pine__pine_001,4,3,0.8107,0.9336,1279.18,32.48,64.29,mahogany,0.9353,0.0012,-0.4254,-2.7703,0.6113,-0.3736,-0.0323,-0.3412,False,known,mahogany
2026-08-08T05:22:31.698342,pine__pine_001,4,4,0.7992,0.9231,1032.82,31.61,60.12,mahogany,0.9385,0.0017,-0.4207,-2.7987,0.5146,-0.3739,-0.0323,-0.3416,False,known,mahogany
2026-08-08T05:22:31.698342,pine__pine_001,4,2,0.7918,0.9161,1090.05,29.56,61.77,mahogany,0.9324,0.001,-0.4268,-2.7432,0.7031,-0.3703,-0.0323,-0.338,False,known,mahogany
2026-08-08T05:22:31.698342,pine__pine_001,10,4,0.6643,0.406,1517.42,41.27,71.9,teak,0.8683,0.0239,-0.211,-2.3953,1.8845,-0.1062,-0.0323,-0.0739,False,known,teak
2026-08-08T05:22:31.699439,pine__pine_001,13,6,0.729,0.7893,981.37,28.23,49.9,mahogany,0.9296,0.0096,-0.3462,-2.7318,0.7418,-0.2918,-0.0323,-0.2595,False,known,mahogany
2026-08-08T05:22:31.699439,pine__pine_001,13,5,0.7219,0.7502,928.6,29.28,52.49,mahogany,0.936,0.0065,-0.3751,-2.7802,0.5775,-0.3275,-0.0323,-0.2952,False,known,mahogany
2026-08-08T05:22:31.699439,pine__pine_001,13,4,0.71,0.782,437.21,23.16,50.21,mahogany,0.9508,0.0036,-0.4028,-2.9848,-0.1169,-0.3885,-0.0323,-0.3562,False,known,mahogany
2026-08-08T05:22:48.339852,pine__pine_002,5,2,0.6956,0.8759,188.65,17.1,27.24,mahogany,0.9227,0.0092,-0.35,-2.6731,0.941,-0.2854,-0.0323,-0.2531,False,known,mahogany
2026-08-08T05:22:48.340851,pine__pine_002,7,2,0.6689,0.6653,180.07,25.93,42.19,mahogany,0.89,0.0276,-0.1764,-2.4778,1.6041,-0.0874,-0.0323,-0.0551,False,known,mahogany
2026-08-08T05:22:48.340851,pine__pine_002,7,3,0.6455,0.7257,168.33,16.65,30.62,mahogany,0.9498,0.0027,-0.4108,-2.9675,-0.0584,-0.3932,-0.0323,-0.3609,False,known,mahogany
2026-08-08T05:23:11.181110,pine__pine_003,1,5,0.7174,0.6397,701.63,39.68,52.05,mahogany,0.5892,0.1839,1.2976,-1.9231,3.4876,1.4071,-0.0323,1.4394,True,uncertain,Uncertain
2026-08-08T05:23:11.182109,pine__pine_003,1,4,0.6919,0.7101,293.83,27.63,43.56,mahogany,0.8912,0.0149,-0.2957,-2.4491,1.7018,-0.1958,-0.0323,-0.1635,False,uncertain,Uncertain
2026-08-08T05:23:11.182109,pine__pine_003,1,6,0.6793,0.5003,829.91,42.04,54.44,mahogany,0.8634,0.0316,-0.1387,-2.3317,2.1004,-0.0267,-0.0323,0.0056,True,uncertain,Uncertain
2026-08-08T05:23:11.182109,pine__pine_003,2,6,0.8168,0.9529,667.12,41.08,39.39,mahogany,0.9314,0.0031,-0.4075,-2.7233,0.7709,-0.3486,-0.0323,-0.3163,False,known,mahogany
2026-08-08T05:23:11.182109,pine__pine_003,2,5,0.748,0.8523,500.71,31.8,37.15,mahogany,0.9262,0.0062,-0.3781,-2.6712,0.9477,-0.3118,-0.0323,-0.2795,False,known,mahogany
2026-08-08T05:23:11.183109,pine__pine_003,2,4,0.7163,0.7217,630.68,33.68,43.7,mahogany,0.9128,0.0089,-0.3525,-2.5832,1.2464,-0.2726,-0.0323,-0.2402,False,known,mahogany
2026-08-08T05:23:11.183109,pine__pine_003,3,3,0.6896,0.5812,907.09,37.35,52.42,teak,0.5164,0.2115,1.5579,-1.7986,3.9105,1.6755,-0.0323,1.7079,True,open_set_rejected,Unknown / Unrecognized species
2026-08-08T05:23:11.183109,pine__pine_003,3,2,0.654,0.5624,485.59,28.17,53.73,teak,0.515,0.199,1.4398,-1.7412,4.1053,1.5731,-0.0323,1.6054,True,open_set_rejected,Unknown / Unrecognized species
2026-08-08T05:23:11.183109,pine__pine_003,4,4,0.7015,0.8184,242.5,18.85,44.43,mahogany,0.9455,0.0009,-0.4279,-2.8933,0.1936,-0.3968,-0.0323,-0.3645,False,known,mahogany
2026-08-08T05:23:11.183109,pine__pine_003,4,3,0.6883,0.7366,226.3,20.11,53.93,mahogany,0.9496,0.0013,-0.4245,-2.9421,0.028,-0.4019,-0.0323,-0.3696,False,known,mahogany
2026-08-08T05:23:11.184108,pine__pine_003,4,5,0.6742,0.7658,230.38,17.89,39.6,mahogany,0.9472,0.001,-0.4267,-2.8942,0.1905,-0.3958,-0.0323,-0.3635,False,known,mahogany
2026-08-08T05:23:33.703887,pine__pine_004,1,1,0.617,0.5336,211.27,26.2,36.45,teak,0.8096,0.0412,-0.0477,-2.1333,2.774,0.0934,-0.0323,0.1257,True,open_set_rejected,Unknown / Unrecognized species
2026-08-08T05:24:04.050249,pine__pine_005,1,2,0.6808,0.7659,152.67,18.01,44.84,mahogany,0.8517,0.0275,-0.1774,-2.3009,2.205,-0.0583,-0.0323,-0.0259,False,known,mahogany
2026-08-08T05:24:04.050249,pine__pine_005,1,3,0.6553,0.7227,158.44,16.91,39.04,mahogany,0.8296,0.0401,-0.0587,-2.2465,2.3897,0.0637,-0.0323,0.096,True,known,mahogany
2026-08-08T05:24:04.051250,pine__pine_005,1,4,0.6522,0.7334,179.96,16.15,35.41,mahogany,0.9542,0.0021,-0.4172,-3.0358,-0.2902,-0.4108,-0.0323,-0.3785,False,known,mahogany
2026-08-08T05:24:04.051250,pine__pine_005,4,6,0.6972,0.8407,235.17,19.74,31.54,mahogany,0.8203,0.053,0.0628,-2.2008,2.5448,0.1869,-0.0323,0.2192,True,open_set_rejected,Unknown / Unrecognized species
2026-08-08T05:24:04.051250,pine__pine_005,4,1,0.5875,0.4731,347.08,24.3,34.8,mahogany,0.6517,0.1518,0.9949,-1.8553,3.7178,1.131,-0.0323,1.1633,True,open_set_rejected,Unknown / Unrecognized species
2026-08-08T05:24:04.051250,pine__pine_005,5,3,0.7615,0.9847,294.44,20.03,42.58,mahogany,0.9412,0.0042,-0.3972,-2.8489,0.3442,-0.3601,-0.0323,-0.3278,False,known,mahogany
2026-08-08T05:24:04.052249,pine__pine_005,5,2,0.7569,0.969,292.41,19.51,44.79,mahogany,0.9378,0.0051,-0.3887,-2.7966,0.522,-0.3431,-0.0323,-0.3108,False,known,mahogany
2026-08-08T05:24:04.052249,pine__pine_005,5,4,0.7552,0.9923,233.25,18.49,39.33,mahogany,0.7909,0.0715,0.2377,-2.3274,2.115,0.3316,-0.0323,0.3639,True,known,mahogany
2026-08-08T05:24:04.052249,pine__pine_005,7,4,0.6677,0.6369,210.35,27.37,45.55,mahogany,0.8962,0.0214,-0.2346,-2.4813,1.5926,-0.1432,-0.0323,-0.1109,False,known,mahogany
2026-08-08T05:24:04.052249,pine__pine_005,7,5,0.6094,0.5874,172.59,18.21,36.66,mahogany,0.9384,0.0047,-0.3924,-2.7888,0.5485,-0.3453,-0.0323,-0.313,False,known,mahogany
2026-08-08T05:25:00.213189,pine__pine_006,3,3,0.9407,0.987,1098.6,65.13,80.98,pine,0.9518,0.0023,-0.4151,-3.3086,-1.2165,-0.4552,-0.0323,-0.4229,False,known,pine
2026-08-08T05:25:00.214187,pine__pine_006,3,4,0.9372,0.9837,1326.61,63.28,78.96,pine,0.9522,0.0007,-0.43,-3.291,-1.1566,-0.4664,-0.0323,-0.434,False,known,pine
2026-08-08T05:25:00.214187,pine__pine_006,3,5,0.9341,0.9787,1411.51,60.83,77.81,pine,0.9501,0.0004,-0.4328,-3.2837,-1.1318,-0.4677,-0.0323,-0.4354,False,known,pine
2026-08-08T05:25:00.214187,pine__pine_006,4,1,0.7153,0.4616,1451.77,48.39,78.57,teak,0.9065,0.0098,-0.3447,-2.5509,1.356,-0.2596,-0.0323,-0.2273,False,known,teak
2026-08-08T05:25:00.215188,pine__pine_006,9,5,0.7934,0.9589,282.08,26.44,59.22,mahogany,0.7213,0.1101,0.6014,-2.2017,2.5419,0.6984,-0.0323,0.7307,True,uncertain,Uncertain
2026-08-08T05:25:00.215188,pine__pine_006,9,4,0.7838,0.9732,212.74,23.08,56.34,mahogany,0.9444,0.0023,-0.4145,-2.8391,0.3777,-0.3749,-0.0323,-0.3426,False,uncertain,Uncertain
2026-08-08T05:25:00.215188,pine__pine_006,9,6,0.7736,0.9148,283.31,25.82,57.3,pine,0.5311,0.2144,1.5855,-2.0336,3.1124,1.6619,-0.0323,1.6942,True,uncertain,Uncertain
2026-08-08T05:26:29.986028,pine__pine_007,1,1,0.6685,0.7437,176.37,21.26,31.73,mahogany,0.9317,0.0112,-0.331,-2.736,0.7276,-0.278,-0.0323,-0.2457,False,known,mahogany
2026-08-08T05:26:29.987028,pine__pine_007,2,4,0.7582,0.967,187.64,24.09,33.54,teak,0.6999,0.114,0.6384,-1.9395,3.432,0.7781,-0.0323,0.8104,True,uncertain,Uncertain
2026-08-08T05:26:29.987028,pine__pine_007,2,2,0.7326,0.8075,150.27,29.7,43.31,teak,0.8971,0.0173,-0.2739,-2.5224,1.4529,-0.1876,-0.0323,-0.1553,False,uncertain,Uncertain
2026-08-08T05:26:29.987028,pine__pine_007,2,6,0.726,0.9215,184.84,20.36,30.3,mahogany,0.9232,0.0094,-0.348,-2.6762,0.9308,-0.2841,-0.0323,-0.2517,False,uncertain,Uncertain
2026-08-08T05:26:29.987028,pine__pine_007,3,6,0.7504,0.9244,175.72,25.58,35.36,teak,0.8797,0.0242,-0.208,-2.398,1.8753,-0.1038,-0.0323,-0.0715,False,known,teak
2026-08-08T05:26:29.988031,pine__pine_007,3,5,0.723,0.8333,181.8,26.45,36.7,teak,0.9044,0.0168,-0.2779,-2.5409,1.3901,-0.1945,-0.0323,-0.1622,False,known,teak
2026-08-08T05:26:29.988031,pine__pine_007,3,3,0.6794,0.9322,112.0,23.92,41.98,teak,0.9245,0.0072,-0.3686,-2.6671,0.9615,-0.3021,-0.0323,-0.2698,False,known,teak
2026-08-08T05:26:29.988031,pine__pine_007,6,5,0.9034,0.9601,1362.86,58.08,62.7,pine,0.6933,0.1124,0.6233,-2.2718,2.3036,0.7073,-0.0323,0.7396,True,uncertain,Uncertain
2026-08-08T05:26:29.988031,pine__pine_007,6,4,0.889,0.9655,1145.16,54.34,59.49,pine,0.9437,0.0038,-0.4004,-3.1806,-0.7819,-0.4195,-0.0323,-0.3872,False,uncertain,Uncertain
2026-08-08T05:26:29.989028,pine__pine_007,6,6,0.8827,0.9483,984.39,53.92,60.41,mahogany,0.4132,0.21,1.5435,-1.7913,3.9353,1.6631,-0.0323,1.6955,True,uncertain,Uncertain
2026-08-08T05:26:29.989028,pine__pine_007,7,1,0.6432,0.6696,297.09,21.11,32.69,teak,0.8331,0.0442,-0.0197,-2.1228,2.8095,0.1217,-0.0323,0.154,True,open_set_rejected,Unknown / Unrecognized species
2026-08-08T05:26:29.989028,pine__pine_007,8,1,0.6611,0.4052,1051.59,45.64,57.05,teak,0.8972,0.013,-0.3139,-2.5266,1.4386,-0.2263,-0.0323,-0.194,False,known,teak
2026-08-08T05:26:29.989028,pine__pine_007,11,1,0.5695,0.4705,133.61,17.03,68.74,mahogany,0.765,0.0469,0.0058,-2.021,3.1551,0.1633,-0.0323,0.1956,True,open_set_rejected,Unknown / Unrecognized species
2026-08-08T05:26:29.990028,pine__pine_007,12,4,0.7559,0.9883,164.38,17.35,44.35,mahogany,0.904,0.0304,-0.1496,-2.6834,0.9062,-0.0968,-0.0323,-0.0645,False,known,mahogany
2026-08-08T05:26:29.990028,pine__pine_007,12,5,0.7557,0.9794,176.89,19.56,40.55,mahogany,0.9034,0.031,-0.1439,-2.6982,0.856,-0.0939,-0.0323,-0.0615,False,known,mahogany
2026-08-08T05:26:29.990028,pine__pine_007,12,6,0.7499,0.9631,179.67,19.87,39.62,pine,0.5433,0.2101,1.5447,-2.1858,2.5956,1.5973,-0.0323,1.6296,True,known,mahogany
2026-08-08T05:26:29.990028,pine__pine_007,13,5,0.7085,0.8413,173.89,19.41,41.97,mahogany,0.9434,0.0038,-0.4004,-2.8718,0.2666,-0.367,-0.0323,-0.3347,False,uncertain,Uncertain
2026-08-08T05:26:29.990028,pine__pine_007,13,4,0.7013,0.7793,239.31,21.46,48.46,mahogany,0.8681,0.0411,-0.0494,-2.3269,2.1165,0.0589,-0.0323,0.0912,True,uncertain,Uncertain
2026-08-08T05:26:29.991030,pine__pine_007,13,3,0.6909,0.6933,283.24,24.95,55.29,teak,0.5844,0.1484,0.9625,-1.7164,4.1894,1.1239,-0.0323,1.1562,True,uncertain,Uncertain
2026-08-08T05:27:32.636230,pine__pine_008,1,1,0.5413,0.5437,96.86,27.53,55.64,teak,0.9036,0.0091,-0.3507,-2.4597,1.6656,-0.2498,-0.0323,-0.2175,False,known,teak
2026-08-08T05:27:32.637181,pine__pine_008,3,3,0.7664,0.8955,622.77,30.12,44.65,mahogany,0.8988,0.0169,-0.2772,-2.4785,1.6019,-0.1832,-0.0323,-0.1509,False,known,mahogany
2026-08-08T05:27:32.637181,pine__pine_008,3,6,0.7429,0.9522,229.85,21.95,31.04,mahogany,0.9521,0.0016,-0.4214,-2.9733,-0.0781,-0.4043,-0.0323,-0.3719,False,known,mahogany
2026-08-08T05:27:32.637181,pine__pine_008,3,4,0.7375,0.8818,447.02,25.4,37.59,mahogany,0.9385,0.0049,-0.3903,-2.8029,0.5004,-0.3458,-0.0323,-0.3135,False,known,mahogany
2026-08-08T05:27:32.638188,pine__pine_008,4,5,0.6244,0.5797,313.95,21.77,41.57,mahogany,0.8653,0.0321,-0.1335,-2.3062,2.1871,-0.0175,-0.0323,0.0148,True,uncertain,Uncertain
2026-08-08T05:27:32.638188,pine__pine_008,4,4,0.6095,0.5144,338.8,22.55,46.19,mahogany,0.9096,0.0139,-0.3057,-2.5252,1.4435,-0.2183,-0.0323,-0.1859,False,uncertain,Uncertain
2026-08-08T05:27:32.639132,pine__pine_008,4,6,0.6017,0.5556,241.26,19.71,35.34,teak,0.6411,0.1414,0.897,-1.7625,4.0329,1.0537,-0.0323,1.0861,True,uncertain,Uncertain
2026-08-08T05:27:32.639132,pine__pine_008,7,4,0.7591,0.9921,153.74,19.83,38.88,pine,0.8963,0.0256,-0.1956,-2.8128,0.467,-0.1625,-0.0323,-0.1302,False,known,pine
2026-08-08T05:27:32.639684,pine__pine_008,7,3,0.7583,0.9805,149.42,19.9,42.45,mahogany,0.4866,0.2099,1.543,-1.9572,3.3717,1.6344,-0.0323,1.6667,True,known,pine
2026-08-08T05:27:32.639684,pine__pine_008,7,5,0.7408,0.9811,143.65,19.19,39.25,pine,0.9131,0.0159,-0.2869,-2.9026,0.1618,-0.2645,-0.0323,-0.2322,False,known,pine
2026-08-08T05:27:56.271845,pine__pine_009,1,1,0.605,0.4154,516.19,31.9,45.33,teak,0.8286,0.0451,-0.0109,-2.1321,2.7781,0.1285,-0.0323,0.1608,True,open_set_rejected,Unknown / Unrecognized species
2026-08-08T05:27:56.272845,pine__pine_009,2,1,0.6586,0.6238,457.46,28.86,37.49,teak,0.8168,0.0555,0.0869,-2.1337,2.7725,0.2212,-0.0323,0.2535,True,open_set_rejected,Unknown / Unrecognized species
2026-08-08T05:27:56.272845,pine__pine_009,3,4,0.549,0.4296,173.43,17.61,33.96,teak,0.5882,0.1796,1.2572,-1.7497,4.0764,1.3982,-0.0323,1.4305,True,uncertain,Uncertain
2026-08-08T05:27:56.273845,pine__pine_009,3,5,0.5084,0.4212,134.91,16.04,32.03,mahogany,0.862,0.0207,-0.2413,-2.2443,2.397,-0.1094,-0.0323,-0.0771,False,uncertain,Uncertain
2026-08-08T05:28:14.880444,pine__pine_010,1,1,0.676,0.6211,471.84,32.29,43.31,teak,0.6017,0.1636,1.1063,-1.8391,3.7729,1.2396,-0.0323,1.2719,True,open_set_rejected,Unknown / Unrecognized species
2026-08-08T05:28:14.880444,pine__pine_010,3,5,0.6119,0.6292,151.22,17.46,28.44,mahogany,0.8205,0.043,-0.0307,-2.1788,2.6196,0.1018,-0.0323,0.1341,True,open_set_rejected,Unknown / Unrecognized species
2026-08-08T05:28:14.882449,pine__pine_010,3,4,0.5955,0.5513,206.36,19.13,32.98,mahogany,0.6062,0.1523,0.9998,-1.7924,3.9314,1.1464,-0.0323,1.1787,True,open_set_rejected,Unknown / Unrecognized species
2026-08-08T05:28:14.882449,pine__pine_010,3,3,0.5914,0.505,291.4,21.48,36.63,teak,0.5592,0.1754,1.2176,-1.6549,4.3981,1.3766,-0.0323,1.4089,True,open_set_rejected,Unknown / Unrecognized species
2026-08-08T05:28:55.000023,pine__pine_011,4,6,0.705,0.8667,153.5,19.2,31.97,mahogany,0.9509,0.0018,-0.4192,-2.927,0.0792,-0.3943,-0.0323,-0.362,False,known,mahogany
2026-08-08T05:28:55.001017,pine__pine_011,4,5,0.6977,0.8636,154.84,16.97,33.04,mahogany,0.9517,0.0014,-0.4234,-2.955,-0.0159,-0.403,-0.0323,-0.3707,False,known,mahogany
2026-08-08T05:28:55.001017,pine__pine_011,4,4,0.6944,0.8447,200.69,17.8,33.52,mahogany,0.9539,0.0016,-0.4214,-2.9961,-0.1555,-0.4081,-0.0323,-0.3758,False,known,mahogany
2026-08-08T05:28:55.001017,pine__pine_011,6,3,0.6227,0.6215,165.22,18.44,37.18,mahogany,0.9028,0.0199,-0.2494,-2.5425,1.3846,-0.1677,-0.0323,-0.1354,False,known,mahogany
2026-08-08T05:28:55.002017,pine__pine_011,6,4,0.6144,0.6554,145.09,16.12,34.93,mahogany,0.9423,0.0077,-0.3643,-2.865,0.2898,-0.3316,-0.0323,-0.2993,False,known,mahogany
2026-08-08T05:28:55.002017,pine__pine_011,6,2,0.5987,0.5446,159.59,18.73,38.81,mahogany,0.8038,0.0463,-0.0001,-2.0286,3.1293,0.1564,-0.0323,0.1887,True,known,mahogany
2026-08-08T05:29:31.099853,pine__pine_012,5,4,0.7344,0.983,253.89,15.98,31.51,mahogany,0.9516,0.0011,-0.4266,-2.9615,-0.0381,-0.4072,-0.0323,-0.3749,False,known,mahogany
2026-08-08T05:29:31.099853,pine__pine_012,5,6,0.7322,0.972,199.94,17.03,29.93,mahogany,0.9402,0.0015,-0.4224,-2.8132,0.4656,-0.378,-0.0323,-0.3457,False,known,mahogany
2026-08-08T05:29:31.100854,pine__pine_012,5,5,0.7278,0.9616,224.08,16.5,30.78,mahogany,0.9458,0.0011,-0.4263,-2.8774,0.2476,-0.3926,-0.0323,-0.3602,False,known,mahogany
2026-08-08T05:29:31.100854,pine__pine_012,7,2,0.6462,0.6338,260.28,19.38,50.78,mahogany,0.828,0.042,-0.0406,-2.2013,2.5432,0.0885,-0.0323,0.1209,True,open_set_rejected,Unknown / Unrecognized species
2026-08-08T05:30:56.588374,pine__pine_013,2,3,0.9391,0.9642,2245.87,74.14,86.36,mahogany,0.9377,0.0041,-0.3976,-2.7974,0.5191,-0.3518,-0.0323,-0.3194,False,uncertain,Uncertain
2026-08-08T05:30:56.588374,pine__pine_013,2,4,0.9391,0.9748,1760.89,72.44,83.24,mahogany,0.8364,0.0563,0.0941,-2.3826,1.9276,0.1858,-0.0323,0.2181,True,uncertain,Uncertain
2026-08-08T05:30:56.588374,pine__pine_013,2,5,0.9314,0.9769,1208.9,66.87,76.11,mahogany,0.6093,0.1378,0.8628,-1.9971,3.2364,0.9815,-0.0323,1.0138,True,uncertain,Uncertain
2026-08-08T05:30:56.588374,pine__pine_013,3,1,0.6988,0.6614,735.16,35.58,41.43,teak,0.8594,0.0287,-0.1656,-2.2827,2.2668,-0.044,-0.0323,-0.0117,False,known,teak
2026-08-08T05:30:56.588374,pine__pine_013,5,6,0.7764,0.7568,1113.71,46.01,49.41,teak,0.71,0.1167,0.664,-1.968,3.3352,0.7976,-0.0323,0.8299,True,open_set_rejected,Unknown / Unrecognized species
2026-08-08T05:30:56.588374,pine__pine_013,5,5,0.7413,0.7486,840.55,38.55,43.16,mahogany,0.856,0.0396,-0.0632,-2.3203,2.1389,0.0469,-0.0323,0.0792,True,open_set_rejected,Unknown / Unrecognized species
2026-08-08T05:30:56.588374,pine__pine_013,5,4,0.6664,0.6803,502.82,25.27,37.43,mahogany,0.7359,0.0952,0.4607,-2.0363,3.1034,0.5928,-0.0323,0.6251,True,open_set_rejected,Unknown / Unrecognized species
2026-08-08T05:30:56.588374,pine__pine_013,10,2,0.7255,0.8721,289.36,22.67,38.0,mahogany,0.9527,0.0019,-0.4183,-2.9494,0.003,-0.3972,-0.0323,-0.3649,False,known,mahogany
2026-08-08T05:30:56.588374,pine__pine_013,10,3,0.7167,0.8492,320.24,21.98,39.27,mahogany,0.9496,0.0019,-0.4187,-2.92,0.1028,-0.3926,-0.0323,-0.3603,False,known,mahogany
2026-08-08T05:30:56.588374,pine__pine_013,10,5,0.7087,0.8515,237.3,18.8,40.8,mahogany,0.9445,0.0022,-0.416,-2.8657,0.2872,-0.3808,-0.0323,-0.3485,False,known,mahogany
2026-08-08T05:30:56.588374,pine__pine_013,14,1,0.584,0.4966,211.73,19.27,39.05,teak,0.8688,0.0257,-0.194,-2.3016,2.2027,-0.0742,-0.0323,-0.0419,False,known,teak
2026-08-08T05:31:28.329084,pine__pine_014,3,6,0.8161,0.9581,674.7,40.69,38.33,mahogany,0.8987,0.0213,-0.2355,-2.5295,1.4287,-0.1523,-0.0323,-0.1199,False,uncertain,Uncertain
2026-08-08T05:31:28.330085,pine__pine_014,3,2,0.7051,0.8101,429.7,25.68,30.54,mahogany,0.8069,0.0728,0.2502,-2.1641,2.6693,0.3712,-0.0323,0.4035,True,uncertain,Uncertain
2026-08-08T05:31:28.330085,pine__pine_014,3,1,0.6663,0.5855,509.06,35.99,35.25,teak,0.7398,0.0836,0.3518,-1.9206,3.4962,0.509,-0.0323,0.5414,True,uncertain,Uncertain
2026-08-08T05:31:28.330085,pine__pine_014,6,4,0.7589,0.9725,373.38,22.54,36.86,mahogany,0.9416,0.0024,-0.4137,-2.8427,0.3655,-0.3748,-0.0323,-0.3425,False,known,mahogany
2026-08-08T05:31:28.330085,pine__pine_014,6,5,0.7447,0.9508,315.24,20.92,35.88,mahogany,0.946,0.0024,-0.4143,-2.8841,0.2249,-0.3823,-0.0323,-0.35,False,known,mahogany
2026-08-08T05:31:28.331342,pine__pine_014,6,3,0.7369,0.8969,315.09,23.14,38.96,mahogany,0.9429,0.0041,-0.398,-2.8747,0.2568,-0.3653,-0.0323,-0.333,False,known,mahogany
2026-08-08T05:31:28.331342,pine__pine_014,9,1,0.5937,0.499,382.5,21.27,40.92,teak,0.815,0.0562,0.0929,-2.1562,2.6961,0.2231,-0.0323,0.2554,True,open_set_rejected,Unknown / Unrecognized species
2026-08-08T05:31:50.452371,pine__pine_015,1,1,0.5856,0.4029,381.12,33.36,28.34,mahogany,0.5566,0.1998,1.4478,-1.8298,3.8044,1.5656,-0.0323,1.5979,True,open_set_rejected,Unknown / Unrecognized species
2026-08-08T05:31:50.452371,pine__pine_015,2,1,0.6293,0.4782,511.86,37.76,30.61,teak,0.8992,0.0173,-0.2739,-2.4888,1.567,-0.1818,-0.0323,-0.1495,False,known,teak
2026-08-08T05:31:50.452371,pine__pine_015,3,2,0.722,0.9439,211.27,18.51,25.41,mahogany,0.9453,0.0018,-0.42,-2.9056,0.1519,-0.3914,-0.0323,-0.3591,False,known,mahogany
2026-08-08T05:31:50.452371,pine__pine_015,4,1,0.6781,0.648,561.39,34.63,30.47,mahogany,0.457,0.2335,1.7653,-1.8062,3.8845,1.8713,-0.0323,1.9036,True,open_set_rejected,Unknown / Unrecognized species
2026-08-08T05:33:00.027067,pine__pine_017,3,1,0.6257,0.513,215.07,33.34,29.75,teak,0.8199,0.0448,-0.0138,-2.1148,2.8368,0.1287,-0.0323,0.161,True,open_set_rejected,Unknown / Unrecognized species
2026-08-08T05:33:00.027067,pine__pine_017,8,1,0.3666,0.4304,55.43,15.58,45.23,mahogany,0.6208,0.0556,0.0879,-1.5634,4.7088,0.319,-0.0323,0.3513,True,open_set_rejected,Unknown / Unrecognized species
2026-08-08T05:34:41.963393,pine__pine_018,3,4,0.6255,0.6576,160.54,19.09,26.94,teak,0.9055,0.0124,-0.3198,-2.5458,1.3736,-0.2351,-0.0323,-0.2028,False,known,teak
2026-08-08T05:34:41.963393,pine__pine_018,3,6,0.5946,0.5379,151.6,21.77,28.68,teak,0.9094,0.0075,-0.3658,-2.5444,1.3781,-0.2786,-0.0323,-0.2463,False,known,teak
2026-08-08T05:34:41.963393,pine__pine_018,6,1,0.6363,0.6689,163.95,19.06,32.87,teak,0.7934,0.0598,0.1276,-2.0019,3.2202,0.2823,-0.0323,0.3146,True,open_set_rejected,Unknown / Unrecognized species
2026-08-08T05:34:41.963393,pine__pine_018,7,1,0.5936,0.4095,365.79,30.99,39.87,teak,0.8734,0.0214,-0.2348,-2.3696,1.9716,-0.1245,-0.0323,-0.0922,False,known,teak
2026-08-08T05:34:41.963393,pine__pine_018,8,1,0.6559,0.4355,503.66,42.29,53.07,teak,0.6607,0.1138,0.6362,-1.8271,3.8137,0.795,-0.0323,0.8273,True,open_set_rejected,Unknown / Unrecognized species
2026-08-08T05:35:14.136896,pine__pine_019,2,1,0.6313,0.6514,177.96,21.28,27.51,mahogany,0.7166,0.098,0.4876,-1.9172,3.5076,0.6386,-0.0323,0.6709,True,open_set_rejected,Unknown / Unrecognized species
2026-08-08T05:35:48.274786,pine__pine_020,5,2,0.6039,0.4377,269.8,34.1,31.5,teak,0.9159,0.0054,-0.3854,-2.6454,1.0352,-0.3144,-0.0323,-0.2821,False,known,teak
2026-08-08T05:36:30.640126,pine__pine_021,2,2,0.8002,0.6642,2071.92,60.39,57.6,mahogany,0.9395,0.0053,-0.3862,-2.7862,0.5572,-0.3391,-0.0323,-0.3068,False,uncertain,Uncertain
2026-08-08T05:36:30.640126,pine__pine_021,2,3,0.797,0.7115,1631.1,56.36,51.12,pine,0.4912,0.179,1.2509,-1.754,4.0618,1.3915,-0.0323,1.4238,True,uncertain,Uncertain
2026-08-08T05:36:30.640126,pine__pine_021,2,4,0.7811,0.7318,1125.33,51.34,45.76,pine,0.9273,0.0058,-0.3817,-3.0243,-0.2511,-0.3752,-0.0323,-0.3428,False,uncertain,Uncertain
2026-08-08T05:36:30.640126,pine__pine_021,3,1,0.8538,0.7564,1229.24,64.92,75.74,pine,0.7981,0.0476,0.0124,-2.293,2.2317,0.1233,-0.0323,0.1557,True,open_set_rejected,Unknown / Unrecognized species
2026-08-08T05:36:30.640126,pine__pine_021,4,1,0.5896,0.5287,280.76,21.51,27.98,teak,0.6999,0.1153,0.6506,-1.9349,3.4475,0.7904,-0.0323,0.8228,True,open_set_rejected,Unknown / Unrecognized species
2026-08-08T05:37:18.107856,pine__pine_022,3,4,0.607,0.5137,405.74,28.45,27.47,mahogany,0.661,0.1122,0.6211,-1.8173,3.847,0.7824,-0.0323,0.8147,True,open_set_rejected,Unknown / Unrecognized species
2026-08-08T05:37:18.109861,pine__pine_022,3,3,0.5885,0.4087,540.52,32.31,32.12,teak,0.4724,0.2362,1.7905,-1.6786,4.3178,1.9168,-0.0323,1.9491,True,open_set_rejected,Unknown / Unrecognized species
2026-08-08T05:37:18.109861,pine__pine_022,3,5,0.5806,0.5418,165.86,18.46,25.06,mahogany,0.8162,0.0387,-0.0714,-2.1474,2.726,0.0685,-0.0323,0.1008,True,open_set_rejected,Unknown / Unrecognized species
2026-08-08T05:37:18.109861,pine__pine_022,5,1,0.582,0.4294,329.24,28.75,30.46,teak,0.9097,0.0105,-0.3379,-2.5795,1.2591,-0.258,-0.0323,-0.2257,False,known,teak
2026-08-08T05:37:18.109861,pine__pine_022,6,1,0.7134,0.7923,492.8,28.46,35.02,teak,0.9136,0.0127,-0.3166,-2.5676,1.2993,-0.2358,-0.0323,-0.2035,False,known,teak
2026-08-08T05:37:18.109861,pine__pine_022,7,6,0.8147,0.9761,594.4,36.07,44.89,mahogany,0.931,0.0033,-0.4058,-2.6937,0.8711,-0.3419,-0.0323,-0.3096,False,known,mahogany
2026-08-08T05:37:18.109861,pine__pine_022,7,5,0.8093,0.9776,578.88,33.84,46.13,mahogany,0.9338,0.0012,-0.4253,-2.701,0.8463,-0.3618,-0.0323,-0.3294,False,known,mahogany
2026-08-08T05:37:18.109861,pine__pine_022,7,3,0.7971,0.9668,642.87,30.06,49.75,mahogany,0.9369,0.0009,-0.4285,-2.753,0.67,-0.3736,-0.0323,-0.3412,False,known,mahogany
2026-08-08T05:37:18.109861,pine__pine_022,8,1,0.6333,0.4019,939.18,40.47,49.06,teak,0.9284,0.0068,-0.3729,-2.754,0.6666,-0.3209,-0.0323,-0.2886,False,known,teak
2026-08-08T05:38:29.637295,pine__pine_023,1,2,0.5746,0.4682,171.14,22.21,31.24,teak,0.912,0.0124,-0.3194,-2.5754,1.273,-0.2398,-0.0323,-0.2075,False,known,teak
2026-08-08T05:38:29.637295,pine__pine_023,1,3,0.5431,0.4101,155.56,20.01,27.92,teak,0.8673,0.0294,-0.1591,-2.3116,2.1686,-0.0427,-0.0323,-0.0104,False,known,teak
2026-08-08T05:38:29.637295,pine__pine_023,1,4,0.5265,0.4233,146.26,16.85,25.17,teak,0.8392,0.0522,0.0555,-2.2241,2.4656,0.176,-0.0323,0.2084,True,known,teak
2026-08-08T05:38:29.637295,pine__pine_023,2,3,0.551,0.4485,266.94,19.34,25.11,teak,0.8566,0.0321,-0.1337,-2.3263,2.1187,-0.0211,-0.0323,0.0112,True,open_set_rejected,Unknown / Unrecognized species
2026-08-08T05:38:29.637295,pine__pine_023,6,3,0.7867,0.9697,602.73,28.52,44.39,teak,0.5661,0.173,1.1949,-1.81,3.8717,1.3287,-0.0323,1.3611,True,open_set_rejected,Unknown / Unrecognized species
2026-08-08T05:38:29.637295,pine__pine_023,6,4,0.7622,0.8984,578.4,28.64,44.43,mahogany,0.8094,0.071,0.2332,-2.1708,2.6465,0.3538,-0.0323,0.3861,True,open_set_rejected,Unknown / Unrecognized species
2026-08-08T05:38:29.637295,pine__pine_023,6,5,0.7208,0.8511,312.13,23.44,38.1,teak,0.6435,0.14,0.8837,-1.8614,3.6973,1.0244,-0.0323,1.0567,True,open_set_rejected,Unknown / Unrecognized species
2026-08-08T05:38:29.637295,pine__pine_023,7,6,0.7148,0.7545,524.85,31.91,37.69,teak,0.8347,0.0419,-0.0417,-2.1491,2.7204,0.0964,-0.0323,0.1287,True,open_set_rejected,Unknown / Unrecognized species
2026-08-08T05:38:29.637295,pine__pine_023,8,1,0.6566,0.4746,934.89,41.28,44.99,teak,0.9293,0.0056,-0.3838,-2.8026,0.5015,-0.3395,-0.0323,-0.3072,False,known,teak
2026-08-08T05:38:29.637295,pine__pine_023,12,6,0.7553,0.787,356.6,37.16,47.56,mahogany,0.9077,0.012,-0.3232,-2.5524,1.3509,-0.2395,-0.0323,-0.2072,False,known,mahogany
2026-08-08T05:38:29.637295,pine__pine_023,12,5,0.7255,0.7858,366.31,29.37,44.63,mahogany,0.9429,0.0015,-0.4222,-2.8187,0.4468,-0.3787,-0.0323,-0.3464,False,known,mahogany
2026-08-08T05:38:29.637295,pine__pine_023,12,4,0.7071,0.7492,396.43,27.23,46.03,mahogany,0.9383,0.001,-0.4276,-2.7651,0.6287,-0.3748,-0.0323,-0.3425,False,known,mahogany
2026-08-08T05:38:58.891497,pine__pine_024,3,3,0.6542,0.7347,181.34,19.11,28.33,teak,0.6754,0.1188,0.6837,-1.8889,3.6039,0.8297,-0.0323,0.862,True,open_set_rejected,Unknown / Unrecognized species
2026-08-08T05:38:58.891497,pine__pine_024,3,2,0.6404,0.6478,164.66,23.16,30.94,teak,0.6616,0.1278,0.768,-1.8766,3.6456,0.9119,-0.0323,0.9442,True,open_set_rejected,Unknown / Unrecognized species
2026-08-08T05:38:58.891497,pine__pine_024,3,4,0.6385,0.6902,223.98,19.49,27.19,teak,0.8518,0.0441,-0.0206,-2.2801,2.2754,0.0942,-0.0323,0.1265,True,open_set_rejected,Unknown / Unrecognized species
2026-08-08T06:05:45.264183,pine__pine_003,1,5,0.7174,0.6397,701.63,39.68,52.05,mahogany,0.5892,0.1839,1.2976,-1.9231,3.4876,1.4071,-0.0323,1.4394,True,uncertain,Uncertain
2026-08-08T06:05:45.265199,pine__pine_003,1,4,0.6919,0.7101,293.83,27.63,43.56,mahogany,0.8912,0.0149,-0.2957,-2.4491,1.7018,-0.1958,-0.0323,-0.1635,False,uncertain,Uncertain
2026-08-08T06:05:45.266190,pine__pine_003,1,6,0.6793,0.5003,829.91,42.04,54.44,mahogany,0.8634,0.0316,-0.1387,-2.3317,2.1004,-0.0267,-0.0323,0.0056,True,uncertain,Uncertain
2026-08-08T06:05:45.266190,pine__pine_003,2,6,0.8168,0.9529,667.12,41.08,39.39,mahogany,0.9314,0.0031,-0.4075,-2.7233,0.7709,-0.3486,-0.0323,-0.3163,False,known,mahogany
2026-08-08T06:05:45.266190,pine__pine_003,2,5,0.748,0.8523,500.71,31.8,37.15,mahogany,0.9262,0.0062,-0.3781,-2.6712,0.9477,-0.3118,-0.0323,-0.2795,False,known,mahogany
2026-08-08T06:05:45.266190,pine__pine_003,2,4,0.7163,0.7217,630.68,33.68,43.7,mahogany,0.9128,0.0089,-0.3525,-2.5832,1.2464,-0.2726,-0.0323,-0.2402,False,known,mahogany
2026-08-08T06:05:45.267191,pine__pine_003,3,3,0.6896,0.5812,907.09,37.35,52.42,teak,0.5164,0.2115,1.5579,-1.7986,3.9105,1.6755,-0.0323,1.7079,True,open_set_rejected,Unknown / Unrecognized species
2026-08-08T06:05:45.267191,pine__pine_003,3,2,0.654,0.5624,485.59,28.17,53.73,teak,0.515,0.199,1.4398,-1.7412,4.1053,1.5731,-0.0323,1.6054,True,open_set_rejected,Unknown / Unrecognized species
2026-08-08T06:05:45.267191,pine__pine_003,4,4,0.7015,0.8184,242.5,18.85,44.43,mahogany,0.9455,0.0009,-0.4279,-2.8933,0.1936,-0.3968,-0.0323,-0.3645,False,known,mahogany
2026-08-08T06:05:45.268190,pine__pine_003,4,3,0.6883,0.7366,226.3,20.11,53.93,mahogany,0.9496,0.0013,-0.4245,-2.9421,0.028,-0.4019,-0.0323,-0.3696,False,known,mahogany
2026-08-08T06:05:45.268190,pine__pine_003,4,5,0.6742,0.7658,230.38,17.89,39.6,mahogany,0.9472,0.001,-0.4267,-2.8942,0.1905,-0.3958,-0.0323,-0.3635,False,known,mahogany
2026-08-08T06:06:11.871785,pine__pine_004,1,1,0.617,0.5336,211.27,26.2,36.45,teak,0.8096,0.0412,-0.0477,-2.1333,2.774,0.0934,-0.0323,0.1257,True,open_set_rejected,Unknown / Unrecognized species
2026-08-08T06:06:47.369253,pine__pine_005,1,2,0.6808,0.7659,152.67,18.01,44.84,mahogany,0.8517,0.0275,-0.1774,-2.3009,2.205,-0.0583,-0.0323,-0.0259,False,known,mahogany
2026-08-08T06:06:47.369253,pine__pine_005,1,3,0.6553,0.7227,158.44,16.91,39.04,mahogany,0.8296,0.0401,-0.0587,-2.2465,2.3897,0.0637,-0.0323,0.096,True,known,mahogany
2026-08-08T06:06:47.370252,pine__pine_005,1,4,0.6522,0.7334,179.96,16.15,35.41,mahogany,0.9542,0.0021,-0.4172,-3.0358,-0.2902,-0.4108,-0.0323,-0.3785,False,known,mahogany
2026-08-08T06:06:47.370252,pine__pine_005,4,6,0.6972,0.8407,235.17,19.74,31.54,mahogany,0.8203,0.053,0.0628,-2.2008,2.5448,0.1869,-0.0323,0.2192,True,open_set_rejected,Unknown / Unrecognized species
2026-08-08T06:06:47.370252,pine__pine_005,4,1,0.5875,0.4731,347.08,24.3,34.8,mahogany,0.6517,0.1518,0.9949,-1.8553,3.7178,1.131,-0.0323,1.1633,True,open_set_rejected,Unknown / Unrecognized species
2026-08-08T06:06:47.370252,pine__pine_005,5,3,0.7615,0.9847,294.44,20.03,42.58,mahogany,0.9412,0.0042,-0.3972,-2.8489,0.3442,-0.3601,-0.0323,-0.3278,False,known,mahogany
2026-08-08T06:06:47.371252,pine__pine_005,5,2,0.7569,0.969,292.41,19.51,44.79,mahogany,0.9378,0.0051,-0.3887,-2.7966,0.522,-0.3431,-0.0323,-0.3108,False,known,mahogany
2026-08-08T06:06:47.371252,pine__pine_005,5,4,0.7552,0.9923,233.25,18.49,39.33,mahogany,0.7909,0.0715,0.2377,-2.3274,2.115,0.3316,-0.0323,0.3639,True,known,mahogany
2026-08-08T06:06:47.371252,pine__pine_005,7,4,0.6677,0.6369,210.35,27.37,45.55,mahogany,0.8962,0.0214,-0.2346,-2.4813,1.5926,-0.1432,-0.0323,-0.1109,False,known,mahogany
2026-08-08T06:06:47.371252,pine__pine_005,7,5,0.6094,0.5874,172.59,18.21,36.66,mahogany,0.9384,0.0047,-0.3924,-2.7888,0.5485,-0.3453,-0.0323,-0.313,False,known,mahogany
2026-08-08T06:07:55.026187,pine__pine_006,3,3,0.9407,0.987,1098.6,65.13,80.98,pine,0.9518,0.0023,-0.4151,-3.3086,-1.2165,-0.4552,-0.0323,-0.4229,False,known,pine
2026-08-08T06:07:55.026187,pine__pine_006,3,4,0.9372,0.9837,1326.61,63.28,78.96,pine,0.9522,0.0007,-0.43,-3.291,-1.1566,-0.4664,-0.0323,-0.434,False,known,pine
2026-08-08T06:07:55.026187,pine__pine_006,3,5,0.9341,0.9787,1411.51,60.83,77.81,pine,0.9501,0.0004,-0.4328,-3.2837,-1.1318,-0.4677,-0.0323,-0.4354,False,known,pine
2026-08-08T06:07:55.027185,pine__pine_006,4,1,0.7153,0.4616,1451.77,48.39,78.57,teak,0.9065,0.0098,-0.3447,-2.5509,1.356,-0.2596,-0.0323,-0.2273,False,known,teak
2026-08-08T06:07:55.027185,pine__pine_006,9,5,0.7934,0.9589,282.08,26.44,59.22,mahogany,0.7213,0.1101,0.6014,-2.2017,2.5419,0.6984,-0.0323,0.7307,True,uncertain,Uncertain
2026-08-08T06:07:55.027185,pine__pine_006,9,4,0.7838,0.9732,212.74,23.08,56.34,mahogany,0.9444,0.0023,-0.4145,-2.8391,0.3777,-0.3749,-0.0323,-0.3426,False,uncertain,Uncertain
2026-08-08T06:07:55.028187,pine__pine_006,9,6,0.7736,0.9148,283.31,25.82,57.3,pine,0.5311,0.2144,1.5855,-2.0336,3.1124,1.6619,-0.0323,1.6942,True,uncertain,Uncertain
2026-08-08T07:07:28.406820,003254fa-96be-4e0a-836c-8dfdde4fd7f1,2,5,0.7751,0.8736,880.18,28.8,62.36,mahogany,0.9174,0.0063,-0.3775,-2.5965,1.2013,-0.2986,-0.0323,-0.2662,False,known,mahogany
2026-08-08T07:07:28.407827,003254fa-96be-4e0a-836c-8dfdde4fd7f1,2,6,0.763,0.888,577.48,25.84,56.17,mahogany,0.9355,0.0028,-0.4103,-2.7806,0.5761,-0.361,-0.0323,-0.3287,False,known,mahogany
2026-08-08T07:07:28.408828,003254fa-96be-4e0a-836c-8dfdde4fd7f1,2,4,0.7402,0.6874,1391.89,35.19,69.92,mahogany,0.7843,0.0682,0.2067,-2.0747,2.973,0.345,-0.0323,0.3773,True,known,mahogany
2026-08-08T07:07:28.408828,003254fa-96be-4e0a-836c-8dfdde4fd7f1,4,3,0.8107,0.9336,1279.18,32.48,64.29,mahogany,0.9353,0.0012,-0.4254,-2.7703,0.6113,-0.3736,-0.0323,-0.3412,False,known,mahogany
2026-08-08T07:07:28.409863,003254fa-96be-4e0a-836c-8dfdde4fd7f1,4,4,0.7992,0.9231,1032.82,31.61,60.12,mahogany,0.9385,0.0017,-0.4207,-2.7987,0.5146,-0.3739,-0.0323,-0.3416,False,known,mahogany
2026-08-08T07:07:28.409863,003254fa-96be-4e0a-836c-8dfdde4fd7f1,4,2,0.7918,0.9161,1090.05,29.56,61.77,mahogany,0.9324,0.001,-0.4268,-2.7432,0.7031,-0.3703,-0.0323,-0.338,False,known,mahogany
2026-08-08T07:07:28.409863,003254fa-96be-4e0a-836c-8dfdde4fd7f1,10,4,0.6643,0.406,1517.42,41.27,71.9,teak,0.8683,0.0239,-0.211,-2.3953,1.8845,-0.1062,-0.0323,-0.0739,False,known,teak
2026-08-08T07:07:28.409863,003254fa-96be-4e0a-836c-8dfdde4fd7f1,13,6,0.729,0.7893,981.37,28.23,49.9,mahogany,0.9296,0.0096,-0.3462,-2.7318,0.7418,-0.2918,-0.0323,-0.2595,False,known,mahogany
2026-08-08T07:07:28.411261,003254fa-96be-4e0a-836c-8dfdde4fd7f1,13,5,0.7219,0.7502,928.6,29.28,52.49,mahogany,0.936,0.0065,-0.3751,-2.7802,0.5775,-0.3275,-0.0323,-0.2952,False,known,mahogany
2026-08-08T07:07:28.411261,003254fa-96be-4e0a-836c-8dfdde4fd7f1,13,4,0.71,0.782,437.21,23.16,50.21,mahogany,0.9508,0.0036,-0.4028,-2.9848,-0.1169,-0.3885,-0.0323,-0.3562,False,known,mahogany
2026-08-08T07:09:27.039203,ba5cba35-3d23-47b5-8e8e-794ab4b12d40,2,5,0.7751,0.8736,880.18,28.8,62.36,mahogany,0.9174,0.0063,-0.3775,-2.5965,1.2013,-0.2986,-0.0323,-0.2662,False,known,mahogany
2026-08-08T07:09:27.040203,ba5cba35-3d23-47b5-8e8e-794ab4b12d40,2,6,0.763,0.888,577.48,25.84,56.17,mahogany,0.9355,0.0028,-0.4103,-2.7806,0.5761,-0.361,-0.0323,-0.3287,False,known,mahogany
2026-08-08T07:09:27.040203,ba5cba35-3d23-47b5-8e8e-794ab4b12d40,2,4,0.7402,0.6874,1391.89,35.19,69.92,mahogany,0.7843,0.0682,0.2067,-2.0747,2.973,0.345,-0.0323,0.3773,True,known,mahogany
2026-08-08T07:09:27.041204,ba5cba35-3d23-47b5-8e8e-794ab4b12d40,4,3,0.8107,0.9336,1279.18,32.48,64.29,mahogany,0.9353,0.0012,-0.4254,-2.7703,0.6113,-0.3736,-0.0323,-0.3412,False,known,mahogany
2026-08-08T07:09:27.041204,ba5cba35-3d23-47b5-8e8e-794ab4b12d40,4,4,0.7992,0.9231,1032.82,31.61,60.12,mahogany,0.9385,0.0017,-0.4207,-2.7987,0.5146,-0.3739,-0.0323,-0.3416,False,known,mahogany
2026-08-08T07:09:27.041204,ba5cba35-3d23-47b5-8e8e-794ab4b12d40,4,2,0.7918,0.9161,1090.05,29.56,61.77,mahogany,0.9324,0.001,-0.4268,-2.7432,0.7031,-0.3703,-0.0323,-0.338,False,known,mahogany
2026-08-08T07:09:27.042205,ba5cba35-3d23-47b5-8e8e-794ab4b12d40,10,4,0.6643,0.406,1517.42,41.27,71.9,teak,0.8683,0.0239,-0.211,-2.3953,1.8845,-0.1062,-0.0323,-0.0739,False,known,teak
2026-08-08T07:09:27.042205,ba5cba35-3d23-47b5-8e8e-794ab4b12d40,13,6,0.729,0.7893,981.37,28.23,49.9,mahogany,0.9296,0.0096,-0.3462,-2.7318,0.7418,-0.2918,-0.0323,-0.2595,False,known,mahogany
2026-08-08T07:09:27.042205,ba5cba35-3d23-47b5-8e8e-794ab4b12d40,13,5,0.7219,0.7502,928.6,29.28,52.49,mahogany,0.936,0.0065,-0.3751,-2.7802,0.5775,-0.3275,-0.0323,-0.2952,False,known,mahogany
2026-08-08T07:09:27.042205,ba5cba35-3d23-47b5-8e8e-794ab4b12d40,13,4,0.71,0.782,437.21,23.16,50.21,mahogany,0.9508,0.0036,-0.4028,-2.9848,-0.1169,-0.3885,-0.0323,-0.3562,False,known,mahogany
2026-08-08T07:18:35.220699,590c46ca-84a3-48df-affa-61ad91c6ddca,2,5,0.7751,0.8736,880.18,28.8,62.36,mahogany,0.9174,0.0063,-0.3775,-2.5965,1.2013,-0.2986,-0.0323,-0.2662,False,known,mahogany
2026-08-08T07:18:35.220699,590c46ca-84a3-48df-affa-61ad91c6ddca,2,6,0.763,0.888,577.48,25.84,56.17,mahogany,0.9355,0.0028,-0.4103,-2.7806,0.5761,-0.361,-0.0323,-0.3287,False,known,mahogany
2026-08-08T07:18:35.222214,590c46ca-84a3-48df-affa-61ad91c6ddca,2,4,0.7402,0.6874,1391.89,35.19,69.92,mahogany,0.7843,0.0682,0.2067,-2.0747,2.973,0.345,-0.0323,0.3773,True,known,mahogany
2026-08-08T07:18:35.222214,590c46ca-84a3-48df-affa-61ad91c6ddca,4,3,0.8107,0.9336,1279.18,32.48,64.29,mahogany,0.9353,0.0012,-0.4254,-2.7703,0.6113,-0.3736,-0.0323,-0.3412,False,known,mahogany
2026-08-08T07:18:35.222214,590c46ca-84a3-48df-affa-61ad91c6ddca,4,4,0.7992,0.9231,1032.82,31.61,60.12,mahogany,0.9385,0.0017,-0.4207,-2.7987,0.5146,-0.3739,-0.0323,-0.3416,False,known,mahogany
2026-08-08T07:18:35.222214,590c46ca-84a3-48df-affa-61ad91c6ddca,4,2,0.7918,0.9161,1090.05,29.56,61.77,mahogany,0.9324,0.001,-0.4268,-2.7432,0.7031,-0.3703,-0.0323,-0.338,False,known,mahogany
2026-08-08T07:18:35.223220,590c46ca-84a3-48df-affa-61ad91c6ddca,10,4,0.6643,0.406,1517.42,41.27,71.9,teak,0.8683,0.0239,-0.211,-2.3953,1.8845,-0.1062,-0.0323,-0.0739,False,known,teak
2026-08-08T07:18:35.223220,590c46ca-84a3-48df-affa-61ad91c6ddca,13,6,0.729,0.7893,981.37,28.23,49.9,mahogany,0.9296,0.0096,-0.3462,-2.7318,0.7418,-0.2918,-0.0323,-0.2595,False,known,mahogany
2026-08-08T07:18:35.223220,590c46ca-84a3-48df-affa-61ad91c6ddca,13,5,0.7219,0.7502,928.6,29.28,52.49,mahogany,0.936,0.0065,-0.3751,-2.7802,0.5775,-0.3275,-0.0323,-0.2952,False,known,mahogany
2026-08-08T07:18:35.224220,590c46ca-84a3-48df-affa-61ad91c6ddca,13,4,0.71,0.782,437.21,23.16,50.21,mahogany,0.9508,0.0036,-0.4028,-2.9848,-0.1169,-0.3885,-0.0323,-0.3562,False,known,mahogany
2026-08-08T08:26:10.765707,faf3c25a-17c5-4af0-8cf4-a8517d557681,3,4,0.9253,0.9467,5179.48,61.4,175.14,rubber,0.91,0.0126,-0.3182,-2.4788,1.6008,-0.2222,-0.0323,-0.1899,False,known,rubber
2026-08-08T08:26:10.766707,faf3c25a-17c5-4af0-8cf4-a8517d557681,3,5,0.9172,0.9374,4795.8,60.81,179.24,rubber,0.8391,0.0569,0.0997,-2.1813,2.6109,0.2253,-0.0323,0.2576,True,known,rubber
2026-08-08T08:26:10.766707,faf3c25a-17c5-4af0-8cf4-a8517d557681,3,3,0.8967,0.9366,3862.12,54.08,179.68,rubber,0.8987,0.0217,-0.2323,-2.4087,1.8388,-0.1287,-0.0323,-0.0964,False,known,rubber
2026-08-08T08:26:10.767709,faf3c25a-17c5-4af0-8cf4-a8517d557681,4,6,0.8714,0.9028,3917.62,50.74,181.65,rubber,0.6241,0.1579,1.0519,-1.8565,3.7139,1.185,-0.0323,1.2173,True,known,rubber
2026-08-08T08:26:10.767709,faf3c25a-17c5-4af0-8cf4-a8517d557681,4,5,0.8457,0.8536,3603.16,48.1,181.4,rubber,0.9476,0.0029,-0.4092,-2.6871,0.8936,-0.344,-0.0323,-0.3117,False,known,rubber
2026-08-08T08:26:10.767709,faf3c25a-17c5-4af0-8cf4-a8517d557681,4,4,0.7674,0.6771,2227.02,42.71,180.15,rubber,0.9501,0.0072,-0.3683,-2.7254,0.7636,-0.3117,-0.0323,-0.2794,False,known,rubber
2026-08-08T08:26:10.767709,faf3c25a-17c5-4af0-8cf4-a8517d557681,5,6,0.948,0.9244,4916.42,65.11,149.19,teak,0.8637,0.0246,-0.2045,-2.3794,1.9385,-0.0973,-0.0323,-0.065,False,known,teak
2026-08-08T08:26:10.768707,faf3c25a-17c5-4af0-8cf4-a8517d557681,5,5,0.9405,0.8913,4225.77,62.5,145.75,teak,0.9348,0.0024,-0.4143,-2.8009,0.5073,-0.3683,-0.0323,-0.3359,False,known,teak
2026-08-08T08:26:10.768707,faf3c25a-17c5-4af0-8cf4-a8517d557681,5,4,0.8727,0.7048,3708.2,59.02,145.08,teak,0.8498,0.0217,-0.2315,-2.1626,2.6744,-0.0862,-0.0323,-0.0539,False,known,teak
2026-08-08T10:59:24.103198,961f53e5-14b9-40e3-a97d-4112ee4b3cb6,3,4,0.9253,0.9467,5179.48,61.4,175.14,rubber,0.91,0.0126,-0.3182,-2.4788,1.6008,-0.2222,-0.0323,-0.1899,False,known,rubber
2026-08-08T10:59:24.105033,961f53e5-14b9-40e3-a97d-4112ee4b3cb6,3,5,0.9172,0.9374,4795.8,60.81,179.24,rubber,0.8391,0.0569,0.0997,-2.1813,2.6109,0.2253,-0.0323,0.2576,True,known,rubber
2026-08-08T10:59:24.105033,961f53e5-14b9-40e3-a97d-4112ee4b3cb6,3,3,0.8967,0.9366,3862.12,54.08,179.68,rubber,0.8987,0.0217,-0.2323,-2.4087,1.8388,-0.1287,-0.0323,-0.0964,False,known,rubber
2026-08-08T10:59:24.105033,961f53e5-14b9-40e3-a97d-4112ee4b3cb6,4,6,0.8714,0.9028,3917.62,50.74,181.65,rubber,0.6241,0.1579,1.0519,-1.8565,3.7139,1.185,-0.0323,1.2173,True,known,rubber
2026-08-08T10:59:24.106040,961f53e5-14b9-40e3-a97d-4112ee4b3cb6,4,5,0.8457,0.8536,3603.16,48.1,181.4,rubber,0.9476,0.0029,-0.4092,-2.6871,0.8936,-0.344,-0.0323,-0.3117,False,known,rubber
2026-08-08T10:59:24.106040,961f53e5-14b9-40e3-a97d-4112ee4b3cb6,4,4,0.7674,0.6771,2227.02,42.71,180.15,rubber,0.9501,0.0072,-0.3683,-2.7254,0.7636,-0.3117,-0.0323,-0.2794,False,known,rubber
2026-08-08T10:59:24.106040,961f53e5-14b9-40e3-a97d-4112ee4b3cb6,5,6,0.948,0.9244,4916.42,65.11,149.19,teak,0.8637,0.0246,-0.2045,-2.3794,1.9385,-0.0973,-0.0323,-0.065,False,known,teak
2026-08-08T10:59:24.107041,961f53e5-14b9-40e3-a97d-4112ee4b3cb6,5,5,0.9405,0.8913,4225.77,62.5,145.75,teak,0.9348,0.0024,-0.4143,-2.8009,0.5073,-0.3683,-0.0323,-0.3359,False,known,teak
2026-08-08T10:59:24.107041,961f53e5-14b9-40e3-a97d-4112ee4b3cb6,5,4,0.8727,0.7048,3708.2,59.02,145.08,teak,0.8498,0.0217,-0.2315,-2.1626,2.6744,-0.0862,-0.0323,-0.0539,False,known,teak
2026-08-08T16:56:53.610522,5cec8d80-f6ac-44f7-b1e9-3573df9ec75d,1,2,0.9072,0.929,5545.74,58.27,180.33,rubber,0.9268,0.0054,-0.3861,-2.6024,1.1812,-0.3077,-0.0323,-0.2754,False,known,rubber
2026-08-08T16:56:53.611615,5cec8d80-f6ac-44f7-b1e9-3573df9ec75d,1,3,0.8914,0.979,4052.88,51.47,189.41,rubber,0.9308,0.0045,-0.3939,-2.594,1.2097,-0.3138,-0.0323,-0.2814,False,known,rubber
2026-08-08T16:56:53.611615,5cec8d80-f6ac-44f7-b1e9-3573df9ec75d,1,4,0.8714,0.9853,2856.38,47.09,195.87,rubber,0.8801,0.0303,-0.1506,-2.3173,2.1491,-0.0356,-0.0323,-0.0033,False,known,rubber
2026-08-08T16:56:53.612632,5cec8d80-f6ac-44f7-b1e9-3573df9ec75d,2,6,0.8334,0.9565,2446.5,38.13,194.18,rubber,0.9412,0.005,-0.3898,-2.6445,1.0383,-0.3184,-0.0323,-0.2861,False,known,rubber
2026-08-08T16:56:53.612632,5cec8d80-f6ac-44f7-b1e9-3573df9ec75d,2,2,0.8052,0.8396,1219.67,39.05,186.02,rubber,0.9346,0.009,-0.3519,-2.6081,1.1618,-0.2762,-0.0323,-0.2439,False,known,rubber
2026-08-08T16:56:53.612632,5cec8d80-f6ac-44f7-b1e9-3573df9ec75d,2,5,0.8002,0.9158,1553.47,33.15,196.21,rubber,0.9495,0.0011,-0.4263,-2.7013,0.8455,-0.3628,-0.0323,-0.3304,False,known,rubber
2026-08-08T16:56:53.612632,5cec8d80-f6ac-44f7-b1e9-3573df9ec75d,3,5,0.9141,0.9607,4760.49,54.83,174.13,rubber,0.9118,0.0112,-0.3306,-2.4274,1.7755,-0.2253,-0.0323,-0.193,False,known,rubber
2026-08-08T16:56:53.613631,5cec8d80-f6ac-44f7-b1e9-3573df9ec75d,3,4,0.8982,0.9538,4610.47,53.22,181.08,rubber,0.9483,0.0016,-0.4211,-2.7057,0.8304,-0.3585,-0.0323,-0.3262,False,known,rubber
2026-08-08T16:56:53.613631,5cec8d80-f6ac-44f7-b1e9-3573df9ec75d,3,6,0.8718,0.9604,2973.77,45.8,184.48,rubber,0.8852,0.0286,-0.1668,-2.2996,2.2092,-0.048,-0.0323,-0.0157,False,known,rubber
2026-08-08T16:58:13.359425,a2fb5f58-3b14-4b64-acfe-ec3d636d9420,1,1,0.7799,0.779,550.22,28.32,95.89,pine,0.9199,0.0167,-0.2792,-2.8808,0.236,-0.2534,-0.0323,-0.2211,False,known,pine
2026-08-08T16:58:13.360427,a2fb5f58-3b14-4b64-acfe-ec3d636d9420,2,5,0.6038,0.9142,45.43,32.26,72.61,teak,0.9326,0.0016,-0.4211,-2.7966,0.5218,-0.374,-0.0323,-0.3416,False,known,teak
2026-08-08T16:58:13.360427,a2fb5f58-3b14-4b64-acfe-ec3d636d9420,2,2,0.5575,0.8094,60.58,19.95,73.61,teak,0.9229,0.0064,-0.3763,-2.6755,0.9331,-0.3109,-0.0323,-0.2785,False,known,teak
2026-08-08T16:58:13.360427,a2fb5f58-3b14-4b64-acfe-ec3d636d9420,2,6,0.5556,0.7968,47.61,29.89,69.61,teak,0.9315,0.0015,-0.4224,-2.7853,0.5603,-0.3732,-0.0323,-0.3409,False,known,teak
2026-08-08T17:45:14.344262,ac952bdb-2311-4be8-a4d8-21a120ae76ef,1,2,0.9072,0.929,5545.74,58.27,180.33,rubber,0.9268,0.0054,-0.3861,-2.6024,1.1812,-0.3077,-0.026,-0.2817,False,known,rubber
2026-08-08T17:45:14.344262,ac952bdb-2311-4be8-a4d8-21a120ae76ef,1,3,0.8914,0.979,4052.88,51.47,189.41,rubber,0.9308,0.0045,-0.3939,-2.594,1.2097,-0.3138,-0.026,-0.2877,False,known,rubber
2026-08-08T17:45:14.344262,ac952bdb-2311-4be8-a4d8-21a120ae76ef,1,4,0.8714,0.9853,2856.38,47.09,195.87,rubber,0.8801,0.0303,-0.1506,-2.3173,2.1491,-0.0356,-0.026,-0.0096,False,known,rubber
2026-08-08T17:45:14.345263,ac952bdb-2311-4be8-a4d8-21a120ae76ef,2,6,0.8334,0.9565,2446.5,38.13,194.18,rubber,0.9412,0.005,-0.3898,-2.6445,1.0383,-0.3184,-0.026,-0.2924,False,known,rubber
2026-08-08T17:45:14.345263,ac952bdb-2311-4be8-a4d8-21a120ae76ef,2,2,0.8052,0.8396,1219.67,39.05,186.02,rubber,0.9346,0.009,-0.3519,-2.6081,1.1618,-0.2762,-0.026,-0.2502,False,known,rubber
2026-08-08T17:45:14.345263,ac952bdb-2311-4be8-a4d8-21a120ae76ef,2,5,0.8002,0.9158,1553.47,33.15,196.21,rubber,0.9495,0.0011,-0.4263,-2.7013,0.8455,-0.3628,-0.026,-0.3367,False,known,rubber
2026-08-08T17:45:14.346498,ac952bdb-2311-4be8-a4d8-21a120ae76ef,3,5,0.9141,0.9607,4760.49,54.83,174.13,rubber,0.9118,0.0112,-0.3306,-2.4274,1.7755,-0.2253,-0.026,-0.1993,False,known,rubber
2026-08-08T17:45:14.346498,ac952bdb-2311-4be8-a4d8-21a120ae76ef,3,4,0.8982,0.9538,4610.47,53.22,181.08,rubber,0.9483,0.0016,-0.4211,-2.7057,0.8304,-0.3585,-0.026,-0.3325,False,known,rubber
2026-08-08T17:45:14.346498,ac952bdb-2311-4be8-a4d8-21a120ae76ef,3,6,0.8718,0.9604,2973.77,45.8,184.48,rubber,0.8852,0.0286,-0.1668,-2.2996,2.2092,-0.048,-0.026,-0.022,False,known,rubber
2026-08-08T17:48:15.362119,0c4dea0c-88f9-437c-9384-5c97b78cffb0,1,4,0.8925,0.9478,7675.4,50.9,177.5,rubber,0.9057,0.0117,-0.326,-2.4268,1.7773,-0.2208,-0.026,-0.1948,False,uncertain,Uncertain
2026-08-08T17:48:15.362119,0c4dea0c-88f9-437c-9384-5c97b78cffb0,1,5,0.8913,0.9537,7192.26,51.1,180.88,teak,0.7821,0.0709,0.2317,-2.1593,2.6856,0.3544,-0.026,0.3804,True,uncertain,Uncertain
2026-08-08T17:48:15.362119,0c4dea0c-88f9-437c-9384-5c97b78cffb0,1,3,0.8615,0.9367,5743.18,44.54,182.54,rubber,0.8461,0.0439,-0.0225,-2.218,2.4864,0.1029,-0.026,0.1289,True,uncertain,Uncertain
2026-08-08T17:48:15.362119,0c4dea0c-88f9-437c-9384-5c97b78cffb0,2,6,0.8601,0.9408,6160.42,43.15,181.09,rubber,0.7998,0.0713,0.2353,-2.0745,2.9735,0.3722,-0.026,0.3983,True,known,rubber
2026-08-08T17:48:15.362119,0c4dea0c-88f9-437c-9384-5c97b78cffb0,2,5,0.855,0.9218,5923.68,43.37,180.36,rubber,0.8943,0.0241,-0.2096,-2.343,2.0621,-0.096,-0.026,-0.07,False,known,rubber
2026-08-08T17:48:15.362119,0c4dea0c-88f9-437c-9384-5c97b78cffb0,2,4,0.8098,0.8428,4257.11,38.52,181.52,rubber,0.9287,0.0119,-0.3241,-2.5197,1.4619,-0.2348,-0.026,-0.2088,False,known,rubber
2026-08-08T17:48:56.548290,1b162171-4839-421b-9e58-43e427efb812,1,5,0.69,0.7771,267.34,21.05,40.7,mahogany,0.9516,0.0016,-0.4213,-2.9487,0.0054,-0.4,-0.026,-0.374,False,known,mahogany
2026-08-08T17:48:56.549289,1b162171-4839-421b-9e58-43e427efb812,1,6,0.6811,0.7844,213.43,18.85,37.19,mahogany,0.7848,0.0696,0.2198,-2.0678,2.9964,0.3586,-0.026,0.3846,True,known,mahogany
2026-08-08T17:48:56.549289,1b162171-4839-421b-9e58-43e427efb812,1,4,0.6301,0.5559,316.1,24.11,46.92,mahogany,0.95,0.0014,-0.423,-2.9196,0.1044,-0.3966,-0.026,-0.3706,False,known,mahogany
2026-08-08T18:17:53.447204,91e71736-c29c-4b5f-a427-5655a30a4457,1,2,0.9072,0.929,5545.74,58.27,180.33,rubber,0.9268,0.0054,-0.3861,-2.6024,1.1812,-0.3077,-0.026,-0.2817,False,known,rubber
2026-08-08T18:17:53.448205,91e71736-c29c-4b5f-a427-5655a30a4457,1,3,0.8914,0.979,4052.88,51.47,189.41,rubber,0.9308,0.0045,-0.3939,-2.594,1.2097,-0.3138,-0.026,-0.2877,False,known,rubber
2026-08-08T18:17:53.448205,91e71736-c29c-4b5f-a427-5655a30a4457,1,4,0.8714,0.9853,2856.38,47.09,195.87,rubber,0.8801,0.0303,-0.1506,-2.3173,2.1491,-0.0356,-0.026,-0.0096,False,known,rubber
2026-08-08T18:17:53.449205,91e71736-c29c-4b5f-a427-5655a30a4457,2,6,0.8334,0.9565,2446.5,38.13,194.18,rubber,0.9412,0.005,-0.3898,-2.6445,1.0383,-0.3184,-0.026,-0.2924,False,known,rubber
2026-08-08T18:17:53.449205,91e71736-c29c-4b5f-a427-5655a30a4457,2,2,0.8052,0.8396,1219.67,39.05,186.02,rubber,0.9346,0.009,-0.3519,-2.6081,1.1618,-0.2762,-0.026,-0.2502,False,known,rubber
2026-08-08T18:17:53.449205,91e71736-c29c-4b5f-a427-5655a30a4457,2,5,0.8002,0.9158,1553.47,33.15,196.21,rubber,0.9495,0.0011,-0.4263,-2.7013,0.8455,-0.3628,-0.026,-0.3367,False,known,rubber
2026-08-08T18:17:53.449205,91e71736-c29c-4b5f-a427-5655a30a4457,3,5,0.9141,0.9607,4760.49,54.83,174.13,rubber,0.9118,0.0112,-0.3306,-2.4274,1.7755,-0.2253,-0.026,-0.1993,False,known,rubber
2026-08-08T18:17:53.450207,91e71736-c29c-4b5f-a427-5655a30a4457,3,4,0.8982,0.9538,4610.47,53.22,181.08,rubber,0.9483,0.0016,-0.4211,-2.7057,0.8304,-0.3585,-0.026,-0.3325,False,known,rubber
2026-08-08T18:17:53.450207,91e71736-c29c-4b5f-a427-5655a30a4457,3,6,0.8718,0.9604,2973.77,45.8,184.48,rubber,0.8852,0.0286,-0.1668,-2.2996,2.2092,-0.048,-0.026,-0.022,False,known,rubber
2026-08-09T03:55:02.149727,1bc91fab-d273-4eb0-9996-3e36a11015e6,1,6,0.8971,0.9579,3177.34,44.35,96.93,teak,0.9408,0.0013,-0.4243,-2.8993,0.1731,-0.3945,-0.026,-0.3684,False,known,teak
2026-08-09T03:55:02.151241,1bc91fab-d273-4eb0-9996-3e36a11015e6,1,3,0.8957,0.9912,2897.45,32.81,118.52,teak,0.9393,0.0006,-0.4313,-2.862,0.2997,-0.3947,-0.026,-0.3687,False,known,teak
2026-08-09T03:55:02.151241,1bc91fab-d273-4eb0-9996-3e36a11015e6,1,4,0.8928,0.9834,2773.74,31.97,120.73,teak,0.9373,0.0006,-0.4312,-2.8469,0.3509,-0.3921,-0.026,-0.3661,False,known,teak
2026-08-09T03:55:02.153255,1bc91fab-d273-4eb0-9996-3e36a11015e6,2,2,0.8434,0.9919,2279.72,38.9,56.55,mahogany,0.9522,0.0005,-0.4323,-2.9438,0.022,-0.4096,-0.026,-0.3836,False,known,mahogany
2026-08-09T03:55:02.155384,1bc91fab-d273-4eb0-9996-3e36a11015e6,2,3,0.8371,0.9888,2160.21,37.42,56.36,mahogany,0.9516,0.0005,-0.4323,-2.9377,0.0428,-0.4086,-0.026,-0.3825,False,known,mahogany
2026-08-09T03:55:02.155384,1bc91fab-d273-4eb0-9996-3e36a11015e6,2,4,0.8328,0.9929,2077.45,36.13,55.14,mahogany,0.9486,0.0004,-0.4331,-2.8895,0.2066,-0.4011,-0.026,-0.3751,False,known,mahogany
2026-08-09T03:57:30.948490,9a4764aa-6155-4b32-991f-43e782ed0db4,1,3,0.8883,0.9683,1965.52,40.34,97.66,rubber,0.936,0.0007,-0.4302,-2.5253,1.443,-0.3366,-0.026,-0.3105,False,known,rubber
2026-08-09T03:57:30.950531,9a4764aa-6155-4b32-991f-43e782ed0db4,1,2,0.8843,0.9545,1567.73,41.05,96.37,rubber,0.9438,0.0009,-0.4278,-2.5862,1.2363,-0.3446,-0.026,-0.3186,False,known,rubber
2026-08-09T03:57:30.950531,9a4764aa-6155-4b32-991f-43e782ed0db4,1,4,0.8719,0.9166,2501.73,45.39,84.79,rubber,0.9371,0.0015,-0.4225,-2.5619,1.3187,-0.3355,-0.026,-0.3094,False,known,rubber
2026-08-09T03:57:30.950531,9a4764aa-6155-4b32-991f-43e782ed0db4,2,1,0.7713,0.5174,325.69,47.65,111.65,teak,0.5171,0.1906,1.3608,-1.6595,4.3827,1.5119,-0.026,1.5379,True,open_set_rejected,Unknown / Unrecognized species
2026-08-09T04:00:50.440326,6c283eee-4168-4fdd-86aa-400a87741ae0,2,3,0.9299,0.9913,1321.27,49.08,101.45,teak,0.9366,0.0004,-0.4329,-2.8512,0.3364,-0.3945,-0.026,-0.3685,False,known,teak
2026-08-09T04:00:50.440326,6c283eee-4168-4fdd-86aa-400a87741ae0,2,4,0.9163,0.9731,1300.2,45.98,104.12,teak,0.937,0.0004,-0.4331,-2.8603,0.3055,-0.3962,-0.026,-0.3702,False,known,teak
2026-08-09T04:00:50.442336,6c283eee-4168-4fdd-86aa-400a87741ae0,2,2,0.8966,0.9798,895.88,45.92,85.53,teak,0.9355,0.0004,-0.4325,-2.8306,0.4064,-0.3905,-0.026,-0.3645,False,known,teak
2026-08-09T06:48:31.409207,f7b82e4d-9f5b-4435-98fb-10689453d8ba,1,3,0.8882,0.9955,2010.44,27.06,127.12,teak,0.9384,0.0008,-0.4293,-2.8724,0.2645,-0.3946,-0.026,-0.3686,False,known,teak
2026-08-09T06:48:31.409942,f7b82e4d-9f5b-4435-98fb-10689453d8ba,1,2,0.8857,0.9983,2051.85,31.78,110.84,teak,0.9193,0.006,-0.3797,-2.6662,0.9645,-0.3125,-0.026,-0.2865,False,known,teak
2026-08-09T06:48:31.409942,f7b82e4d-9f5b-4435-98fb-10689453d8ba,1,4,0.8719,0.9913,1771.33,24.63,133.59,teak,0.9367,0.0003,-0.434,-2.8477,0.3484,-0.3949,-0.026,-0.3689,False,known,teak
2026-08-09T06:49:21.401308,e1966aae-d83c-4a36-ae1b-1c4529727f3e,1,3,0.832,0.9992,1671.23,27.03,78.33,teak,0.9337,0.0003,-0.434,-2.7992,0.5132,-0.3867,-0.026,-0.3607,False,known,teak
2026-08-09T06:49:21.401308,e1966aae-d83c-4a36-ae1b-1c4529727f3e,1,2,0.8303,0.9902,1594.58,28.82,74.54,teak,0.9336,0.0004,-0.4332,-2.7872,0.5538,-0.3838,-0.026,-0.3578,False,known,teak
2026-08-09T06:49:21.401308,e1966aae-d83c-4a36-ae1b-1c4529727f3e,1,4,0.8222,0.9991,1548.82,25.98,73.04,teak,0.9353,0.0002,-0.4343,-2.8105,0.4745,-0.3888,-0.026,-0.3628,False,known,teak
2026-08-09T06:49:50.278635,f701c104-ca6f-49d4-b4a9-58057a46e2c4,1,3,0.832,0.9992,1671.23,27.03,78.33,teak,0.9337,0.0003,-0.434,-2.7992,0.5132,-0.3867,-0.026,-0.3607,False,known,teak
2026-08-09T06:49:50.278635,f701c104-ca6f-49d4-b4a9-58057a46e2c4,1,2,0.8303,0.9902,1594.58,28.82,74.54,teak,0.9336,0.0004,-0.4332,-2.7872,0.5538,-0.3838,-0.026,-0.3578,False,known,teak
2026-08-09T06:49:50.278635,f701c104-ca6f-49d4-b4a9-58057a46e2c4,1,4,0.8222,0.9991,1548.82,25.98,73.04,teak,0.9353,0.0002,-0.4343,-2.8105,0.4745,-0.3888,-0.026,-0.3628,False,known,teak
2026-08-09T07:29:34.414351,1e6cea1e-5d67-4825-a421-b47bdbac58c9,1,4,0.8929,0.9493,7784.73,50.87,177.57,rubber,0.8613,0.0347,-0.1091,-2.2539,2.3646,0.0146,-0.026,0.0406,True,open_set_rejected,Unknown / Unrecognized species
2026-08-09T07:29:34.419770,1e6cea1e-5d67-4825-a421-b47bdbac58c9,1,5,0.8919,0.9538,7357.77,51.22,180.82,teak,0.762,0.0786,0.3043,-2.1092,2.8557,0.4319,-0.026,0.4579,True,open_set_rejected,Unknown / Unrecognized species
2026-08-09T07:29:34.419770,1e6cea1e-5d67-4825-a421-b47bdbac58c9,1,3,0.8615,0.9363,5883.36,44.58,182.58,rubber,0.8573,0.035,-0.1061,-2.2574,2.3526,0.0168,-0.026,0.0428,True,open_set_rejected,Unknown / Unrecognized species
2026-08-09T07:29:34.419770,1e6cea1e-5d67-4825-a421-b47bdbac58c9,2,6,0.8596,0.9395,6299.87,43.17,181.21,rubber,0.7107,0.116,0.6568,-1.9551,3.3789,0.7929,-0.026,0.8189,True,uncertain,Uncertain
2026-08-09T07:29:34.419770,1e6cea1e-5d67-4825-a421-b47bdbac58c9,2,5,0.8543,0.9207,6061.83,43.31,180.42,rubber,0.8594,0.0396,-0.0629,-2.2284,2.451,0.0628,-0.026,0.0888,True,uncertain,Uncertain
2026-08-09T07:29:34.419770,1e6cea1e-5d67-4825-a421-b47bdbac58c9,2,4,0.8092,0.8413,4376.06,38.52,181.58,rubber,0.938,0.0064,-0.3758,-2.594,1.2099,-0.2966,-0.026,-0.2705,False,uncertain,Uncertain
2026-08-09T07:30:09.011238,8187beb4-9c47-41c8-aba2-f899fe0e4eee,1,5,0.69,0.7771,267.34,21.05,40.7,mahogany,0.9516,0.0016,-0.4213,-2.9487,0.0054,-0.4,-0.026,-0.374,False,known,mahogany
2026-08-09T07:30:09.011238,8187beb4-9c47-41c8-aba2-f899fe0e4eee,1,6,0.6811,0.7844,213.43,18.85,37.19,mahogany,0.7848,0.0696,0.2198,-2.0678,2.9964,0.3586,-0.026,0.3846,True,known,mahogany
2026-08-09T07:30:09.012238,8187beb4-9c47-41c8-aba2-f899fe0e4eee,1,4,0.6301,0.5559,316.1,24.11,46.92,mahogany,0.95,0.0014,-0.423,-2.9196,0.1044,-0.3966,-0.026,-0.3706,False,known,mahogany
2026-08-09T07:30:12.762130,051d80d5-f198-4d91-b274-003358067f2d,1,4,0.8929,0.9493,7784.73,50.87,177.57,rubber,0.8613,0.0347,-0.1091,-2.2539,2.3646,0.0146,-0.026,0.0406,True,open_set_rejected,Unknown / Unrecognized species
2026-08-09T07:30:12.763131,051d80d5-f198-4d91-b274-003358067f2d,1,5,0.8919,0.9538,7357.77,51.22,180.82,teak,0.762,0.0786,0.3043,-2.1092,2.8557,0.4319,-0.026,0.4579,True,open_set_rejected,Unknown / Unrecognized species
2026-08-09T07:30:12.763131,051d80d5-f198-4d91-b274-003358067f2d,1,3,0.8615,0.9363,5883.36,44.58,182.58,rubber,0.8573,0.035,-0.1061,-2.2574,2.3526,0.0168,-0.026,0.0428,True,open_set_rejected,Unknown / Unrecognized species
2026-08-09T07:30:12.763131,051d80d5-f198-4d91-b274-003358067f2d,2,6,0.8596,0.9395,6299.87,43.17,181.21,rubber,0.7107,0.116,0.6568,-1.9551,3.3789,0.7929,-0.026,0.8189,True,uncertain,Uncertain
2026-08-09T07:30:12.763131,051d80d5-f198-4d91-b274-003358067f2d,2,5,0.8543,0.9207,6061.83,43.31,180.42,rubber,0.8594,0.0396,-0.0629,-2.2284,2.451,0.0628,-0.026,0.0888,True,uncertain,Uncertain
2026-08-09T07:30:12.763131,051d80d5-f198-4d91-b274-003358067f2d,2,4,0.8092,0.8413,4376.06,38.52,181.58,rubber,0.938,0.0064,-0.3758,-2.594,1.2099,-0.2966,-0.026,-0.2705,False,uncertain,Uncertain
2026-08-09T07:30:27.476645,1334ee10-849f-4ba4-b4d7-65adf9cbdb3f,1,6,0.8334,0.9565,2446.5,38.13,194.18,rubber,0.9412,0.005,-0.3898,-2.6445,1.0383,-0.3184,-0.026,-0.2924,False,known,rubber
2026-08-09T07:30:27.476645,1334ee10-849f-4ba4-b4d7-65adf9cbdb3f,1,2,0.8052,0.8396,1219.67,39.05,186.02,rubber,0.9346,0.009,-0.3519,-2.6081,1.1618,-0.2762,-0.026,-0.2502,False,known,rubber
2026-08-09T07:30:27.476645,1334ee10-849f-4ba4-b4d7-65adf9cbdb3f,1,5,0.8002,0.9158,1553.47,33.15,196.21,rubber,0.9495,0.0011,-0.4263,-2.7013,0.8455,-0.3628,-0.026,-0.3367,False,known,rubber
2026-08-09T07:30:43.462863,bd38988c-180d-4f1c-9a70-16489496c8cf,1,6,0.8334,0.9565,2446.5,38.13,194.18,rubber,0.9412,0.005,-0.3898,-2.6445,1.0383,-0.3184,-0.026,-0.2924,False,known,rubber
2026-08-09T07:30:43.464372,bd38988c-180d-4f1c-9a70-16489496c8cf,1,2,0.8052,0.8396,1219.67,39.05,186.02,rubber,0.9346,0.009,-0.3519,-2.6081,1.1618,-0.2762,-0.026,-0.2502,False,known,rubber
2026-08-09T07:30:43.464372,bd38988c-180d-4f1c-9a70-16489496c8cf,1,5,0.8002,0.9158,1553.47,33.15,196.21,rubber,0.9495,0.0011,-0.4263,-2.7013,0.8455,-0.3628,-0.026,-0.3367,False,known,rubber
2026-08-09T07:30:58.133891,a273b484-459a-4658-ad43-145d520e3ddd,1,6,0.8334,0.9565,2446.5,38.13,194.18,rubber,0.9412,0.005,-0.3898,-2.6445,1.0383,-0.3184,-0.026,-0.2924,False,known,rubber
2026-08-09T07:30:58.134394,a273b484-459a-4658-ad43-145d520e3ddd,1,2,0.8052,0.8396,1219.67,39.05,186.02,rubber,0.9346,0.009,-0.3519,-2.6081,1.1618,-0.2762,-0.026,-0.2502,False,known,rubber
2026-08-09T07:30:58.134911,a273b484-459a-4658-ad43-145d520e3ddd,1,5,0.8002,0.9158,1553.47,33.15,196.21,rubber,0.9495,0.0011,-0.4263,-2.7013,0.8455,-0.3628,-0.026,-0.3367,False,known,rubber
2026-08-09T07:31:12.425651,09c3d0df-d1be-490b-a64a-443509c1f1a4,1,5,0.69,0.7771,267.34,21.05,40.7,mahogany,0.9516,0.0016,-0.4213,-2.9487,0.0054,-0.4,-0.026,-0.374,False,known,mahogany
2026-08-09T07:31:12.426652,09c3d0df-d1be-490b-a64a-443509c1f1a4,1,6,0.6811,0.7844,213.43,18.85,37.19,mahogany,0.7848,0.0696,0.2198,-2.0678,2.9964,0.3586,-0.026,0.3846,True,known,mahogany
2026-08-09T07:31:12.426652,09c3d0df-d1be-490b-a64a-443509c1f1a4,1,4,0.6301,0.5559,316.1,24.11,46.92,mahogany,0.95,0.0014,-0.423,-2.9196,0.1044,-0.3966,-0.026,-0.3706,False,known,mahogany
2026-08-09T07:31:49.534075,7a303ce8-7b43-4da3-af7a-6b17ce44b0d1,1,5,0.69,0.7771,267.34,21.05,40.7,mahogany,0.9516,0.0016,-0.4213,-2.9487,0.0054,-0.4,-0.026,-0.374,False,known,mahogany
2026-08-09T07:31:49.534581,7a303ce8-7b43-4da3-af7a-6b17ce44b0d1,1,6,0.6811,0.7844,213.43,18.85,37.19,mahogany,0.7848,0.0696,0.2198,-2.0678,2.9964,0.3586,-0.026,0.3846,True,known,mahogany
2026-08-09T07:31:49.534581,7a303ce8-7b43-4da3-af7a-6b17ce44b0d1,1,4,0.6301,0.5559,316.1,24.11,46.92,mahogany,0.95,0.0014,-0.423,-2.9196,0.1044,-0.3966,-0.026,-0.3706,False,known,mahogany
2026-08-09T07:41:39.535386,37705896-2905-4e31-85b6-74ebd40f414d,1,6,0.8334,0.9565,2446.5,38.13,194.18,rubber,0.9412,0.005,-0.3898,-2.6445,1.0383,-0.3184,-0.026,-0.2924,False,known,rubber
2026-08-09T07:41:39.537400,37705896-2905-4e31-85b6-74ebd40f414d,1,2,0.8052,0.8396,1219.67,39.05,186.02,rubber,0.9346,0.009,-0.3519,-2.6081,1.1618,-0.2762,-0.026,-0.2502,False,known,rubber
2026-08-09T07:41:39.537400,37705896-2905-4e31-85b6-74ebd40f414d,1,5,0.8002,0.9158,1553.47,33.15,196.21,rubber,0.9495,0.0011,-0.4263,-2.7013,0.8455,-0.3628,-0.026,-0.3367,False,known,rubber
2026-08-09T07:41:39.537400,37705896-2905-4e31-85b6-74ebd40f414d,2,5,0.9141,0.9607,4760.49,54.83,174.13,rubber,0.9118,0.0112,-0.3306,-2.4274,1.7755,-0.2253,-0.026,-0.1993,False,known,rubber
2026-08-09T07:41:39.537400,37705896-2905-4e31-85b6-74ebd40f414d,2,4,0.8982,0.9538,4610.47,53.22,181.08,rubber,0.9483,0.0016,-0.4211,-2.7057,0.8304,-0.3585,-0.026,-0.3325,False,known,rubber
2026-08-09T07:41:39.537400,37705896-2905-4e31-85b6-74ebd40f414d,2,6,0.8718,0.9604,2973.77,45.8,184.48,rubber,0.8852,0.0286,-0.1668,-2.2996,2.2092,-0.048,-0.026,-0.022,False,known,rubber
2026-08-09T07:42:38.216542,f9bca507-cafc-403c-84aa-737d5bd91b22,1,6,0.8334,0.9565,2446.5,38.13,194.18,rubber,0.9412,0.005,-0.3898,-2.6445,1.0383,-0.3184,-0.026,-0.2924,False,known,rubber
2026-08-09T07:42:38.216542,f9bca507-cafc-403c-84aa-737d5bd91b22,1,2,0.8052,0.8396,1219.67,39.05,186.02,rubber,0.9346,0.009,-0.3519,-2.6081,1.1618,-0.2762,-0.026,-0.2502,False,known,rubber
2026-08-09T07:42:38.217547,f9bca507-cafc-403c-84aa-737d5bd91b22,1,5,0.8002,0.9158,1553.47,33.15,196.21,rubber,0.9495,0.0011,-0.4263,-2.7013,0.8455,-0.3628,-0.026,-0.3367,False,known,rubber
2026-08-09T07:42:38.217547,f9bca507-cafc-403c-84aa-737d5bd91b22,2,5,0.9141,0.9607,4760.49,54.83,174.13,rubber,0.9118,0.0112,-0.3306,-2.4274,1.7755,-0.2253,-0.026,-0.1993,False,known,rubber
2026-08-09T07:42:38.217547,f9bca507-cafc-403c-84aa-737d5bd91b22,2,4,0.8982,0.9538,4610.47,53.22,181.08,rubber,0.9483,0.0016,-0.4211,-2.7057,0.8304,-0.3585,-0.026,-0.3325,False,known,rubber
2026-08-09T07:42:38.217547,f9bca507-cafc-403c-84aa-737d5bd91b22,2,6,0.8718,0.9604,2973.77,45.8,184.48,rubber,0.8852,0.0286,-0.1668,-2.2996,2.2092,-0.048,-0.026,-0.022,False,known,rubber
2026-08-09T08:03:15.324103,99aa12cf-e50f-4d0e-a416-9db4fac9db8b,1,5,0.7714,0.9632,119.39,23.54,155.54,teak,0.8193,0.0401,-0.0582,-2.17,2.6494,0.0772,-0.026,0.1032,True,uncertain,Uncertain
2026-08-09T08:03:15.326061,99aa12cf-e50f-4d0e-a416-9db4fac9db8b,1,6,0.7653,0.9416,122.81,20.63,151.8,teak,0.8011,0.0427,-0.0344,-2.1045,2.8718,0.1109,-0.026,0.1369,True,uncertain,Uncertain
2026-08-09T08:03:15.326061,99aa12cf-e50f-4d0e-a416-9db4fac9db8b,1,4,0.7629,0.963,114.26,26.32,161.82,teak,0.8099,0.0283,-0.1696,-2.1614,2.6786,-0.0272,-0.026,-0.0012,False,uncertain,Uncertain
2026-08-09T08:03:45.923936,1518b0cd-9c0f-469e-85b0-228cdadca98c,1,5,0.7714,0.9632,119.39,23.54,155.54,teak,0.8193,0.0401,-0.0582,-2.17,2.6494,0.0772,-0.026,0.1032,True,uncertain,Uncertain
2026-08-09T08:03:45.923936,1518b0cd-9c0f-469e-85b0-228cdadca98c,1,6,0.7653,0.9416,122.81,20.63,151.8,teak,0.8011,0.0427,-0.0344,-2.1045,2.8718,0.1109,-0.026,0.1369,True,uncertain,Uncertain
2026-08-09T08:03:45.923936,1518b0cd-9c0f-469e-85b0-228cdadca98c,1,4,0.7629,0.963,114.26,26.32,161.82,teak,0.8099,0.0283,-0.1696,-2.1614,2.6786,-0.0272,-0.026,-0.0012,False,uncertain,Uncertain
2026-08-09T15:32:52.681139,5c31f5b3-ba0b-4958-bc55-2fc1a3326152,1,6,0.8334,0.9565,2446.5,38.13,194.18,rubber,0.9412,0.005,-0.3898,-2.6445,1.0383,-0.3184,-0.026,-0.2924,False,known,rubber
2026-08-09T15:32:52.682641,5c31f5b3-ba0b-4958-bc55-2fc1a3326152,1,2,0.8052,0.8396,1219.67,39.05,186.02,rubber,0.9346,0.009,-0.3519,-2.6081,1.1618,-0.2762,-0.026,-0.2502,False,known,rubber
2026-08-09T15:32:52.682641,5c31f5b3-ba0b-4958-bc55-2fc1a3326152,1,5,0.8002,0.9158,1553.47,33.15,196.21,rubber,0.9495,0.0011,-0.4263,-2.7013,0.8455,-0.3628,-0.026,-0.3367,False,known,rubber
2026-08-09T15:32:52.682641,5c31f5b3-ba0b-4958-bc55-2fc1a3326152,2,5,0.9141,0.9607,4760.49,54.83,174.13,rubber,0.9118,0.0112,-0.3306,-2.4274,1.7755,-0.2253,-0.026,-0.1993,False,known,rubber
2026-08-09T15:32:52.683647,5c31f5b3-ba0b-4958-bc55-2fc1a3326152,2,4,0.8982,0.9538,4610.47,53.22,181.08,rubber,0.9483,0.0016,-0.4211,-2.7057,0.8304,-0.3585,-0.026,-0.3325,False,known,rubber
2026-08-09T15:32:52.683647,5c31f5b3-ba0b-4958-bc55-2fc1a3326152,2,6,0.8718,0.9604,2973.77,45.8,184.48,rubber,0.8852,0.0286,-0.1668,-2.2996,2.2092,-0.048,-0.026,-0.022,False,known,rubber
2026-08-10T04:10:41.526354,62652148-16f4-42c7-960a-84f3cf69d306,1,3,0.8882,0.9955,2010.44,27.06,127.12,teak,0.9384,0.0008,-0.4293,-2.8724,0.2645,-0.3946,-0.026,-0.3686,False,known,teak
2026-08-10T04:10:41.527355,62652148-16f4-42c7-960a-84f3cf69d306,1,2,0.8857,0.9983,2051.85,31.78,110.84,teak,0.9193,0.006,-0.3797,-2.6662,0.9645,-0.3125,-0.026,-0.2865,False,known,teak
2026-08-10T04:10:41.527355,62652148-16f4-42c7-960a-84f3cf69d306,1,4,0.8719,0.9913,1771.33,24.63,133.59,teak,0.9367,0.0003,-0.434,-2.8477,0.3484,-0.3949,-0.026,-0.3689,False,known,teak
2026-08-10T04:13:24.670532,e96de09a-d786-426b-9b2d-38fef750c6ef,1,3,0.832,0.9992,1671.23,27.03,78.33,teak,0.9337,0.0003,-0.434,-2.7992,0.5132,-0.3867,-0.026,-0.3607,False,known,teak
2026-08-10T04:13:24.670532,e96de09a-d786-426b-9b2d-38fef750c6ef,1,2,0.8303,0.9902,1594.58,28.82,74.54,teak,0.9336,0.0004,-0.4332,-2.7872,0.5538,-0.3838,-0.026,-0.3578,False,known,teak
2026-08-10T04:13:24.683151,e96de09a-d786-426b-9b2d-38fef750c6ef,1,4,0.8222,0.9991,1548.82,25.98,73.04,teak,0.9353,0.0002,-0.4343,-2.8105,0.4745,-0.3888,-0.026,-0.3628,False,known,teak
2026-08-10T04:14:33.617639,2b40ff60-ad78-44ee-b5e2-3f6da3e0569a,1,6,0.8334,0.9565,2446.5,38.13,194.18,rubber,0.9412,0.005,-0.3898,-2.6445,1.0383,-0.3184,-0.026,-0.2924,False,known,rubber
2026-08-10T04:14:33.619372,2b40ff60-ad78-44ee-b5e2-3f6da3e0569a,1,2,0.8052,0.8396,1219.67,39.05,186.02,rubber,0.9346,0.009,-0.3519,-2.6081,1.1618,-0.2762,-0.026,-0.2502,False,known,rubber
2026-08-10T04:14:33.621381,2b40ff60-ad78-44ee-b5e2-3f6da3e0569a,1,5,0.8002,0.9158,1553.47,33.15,196.21,rubber,0.9495,0.0011,-0.4263,-2.7013,0.8455,-0.3628,-0.026,-0.3367,False,known,rubber
2026-08-10T04:14:33.622412,2b40ff60-ad78-44ee-b5e2-3f6da3e0569a,2,5,0.9141,0.9607,4760.49,54.83,174.13,rubber,0.9118,0.0112,-0.3306,-2.4274,1.7755,-0.2253,-0.026,-0.1993,False,known,rubber
2026-08-10T04:14:33.622998,2b40ff60-ad78-44ee-b5e2-3f6da3e0569a,2,4,0.8982,0.9538,4610.47,53.22,181.08,rubber,0.9483,0.0016,-0.4211,-2.7057,0.8304,-0.3585,-0.026,-0.3325,False,known,rubber
2026-08-10T04:14:33.622998,2b40ff60-ad78-44ee-b5e2-3f6da3e0569a,2,6,0.8718,0.9604,2973.77,45.8,184.48,rubber,0.8852,0.0286,-0.1668,-2.2996,2.2092,-0.048,-0.026,-0.022,False,known,rubber
2026-08-10T04:39:27.527935,77b04db8-0a80-4816-bac9-15edc0dfe6fa,1,1,0.8848,0.9301,3853.93,44.39,160.45,rubber,0.8671,0.0309,-0.1448,-2.3913,1.8979,-0.0427,-0.026,-0.0167,False,known,rubber
2026-08-10T04:44:43.931038,9d0a8bd8-1df6-4cea-969a-1808b6356aa1,1,3,0.8469,0.9675,251.02,21.4,116.4,teak,0.9337,0.0034,-0.4045,-2.8652,0.2891,-0.3698,-0.026,-0.3438,False,known,teak
2026-08-10T04:44:43.932044,9d0a8bd8-1df6-4cea-969a-1808b6356aa1,1,4,0.8353,0.9844,186.87,19.43,107.13,teak,0.9311,0.0045,-0.3945,-2.8659,0.2865,-0.3605,-0.026,-0.3344,False,known,teak
2026-08-10T04:44:43.932044,9d0a8bd8-1df6-4cea-969a-1808b6356aa1,1,2,0.8304,0.8971,172.12,20.66,125.38,teak,0.9375,0.002,-0.4174,-2.9029,0.1609,-0.3885,-0.026,-0.3625,False,known,teak
2026-08-10T04:46:24.681476,28f16a22-bf73-44e8-9c69-e071d27b7950,1,5,0.9603,0.928,746.58,66.52,115.2,teak,0.8455,0.0359,-0.098,-2.3004,2.2067,0.0172,-0.026,0.0432,True,known,teak
2026-08-10T04:46:24.682476,28f16a22-bf73-44e8-9c69-e071d27b7950,1,6,0.887,0.9177,781.09,56.0,67.29,teak,0.9086,0.0099,-0.3429,-2.65,1.0195,-0.2748,-0.026,-0.2488,False,known,teak
2026-08-10T04:46:24.682476,28f16a22-bf73-44e8-9c69-e071d27b7950,1,4,0.8793,0.9198,535.08,42.46,156.55,teak,0.9288,0.0019,-0.4188,-2.7347,0.7319,-0.3613,-0.026,-0.3353,False,known,teak
2026-08-10T04:52:40.381098,5916dd5b-5376-4283-841c-e06928908f78,1,3,0.8097,0.9987,1259.87,22.99,71.01,teak,0.9293,0.0003,-0.4338,-2.7387,0.7186,-0.3762,-0.026,-0.3501,False,known,teak
2026-08-10T04:52:40.383109,5916dd5b-5376-4283-841c-e06928908f78,1,2,0.8047,0.99,1096.37,24.02,66.44,teak,0.9333,0.0003,-0.4334,-2.7866,0.5558,-0.384,-0.026,-0.358,False,known,teak
2026-08-10T04:52:40.384097,5916dd5b-5376-4283-841c-e06928908f78,1,4,0.8039,0.9986,1291.01,22.62,67.14,teak,0.9293,0.0003,-0.4338,-2.7436,0.7018,-0.377,-0.026,-0.351,False,known,teak
2026-08-10T04:53:17.973046,d24c2491-5a31-47b1-a1ee-d0b4a0b31044,1,2,0.8688,0.9989,2090.61,27.54,108.27,teak,0.9417,0.0002,-0.4345,-2.8997,0.1718,-0.4041,-0.026,-0.3781,False,known,teak
2026-08-10T04:53:17.974104,d24c2491-5a31-47b1-a1ee-d0b4a0b31044,1,3,0.8685,1.0,2195.76,26.54,110.5,teak,0.9425,0.0002,-0.4344,-2.9147,0.121,-0.4066,-0.026,-0.3806,False,known,teak
2026-08-10T04:53:17.975135,d24c2491-5a31-47b1-a1ee-d0b4a0b31044,1,4,0.8628,0.9987,2183.6,25.95,107.71,teak,0.9412,0.0003,-0.4335,-2.8893,0.2072,-0.4015,-0.026,-0.3755,False,known,teak
2026-08-10T04:57:25.926257,517a844a-ba40-4ace-a033-b8bc81951a19,1,2,0.7873,0.735,604.27,42.78,74.31,teak,0.8335,0.0373,-0.0845,-2.168,2.6562,0.0525,-0.026,0.0785,True,uncertain,Uncertain
2026-08-10T04:57:25.927321,517a844a-ba40-4ace-a033-b8bc81951a19,1,3,0.7337,0.7452,344.37,30.91,59.39,teak,0.7542,0.067,0.195,-1.911,3.5287,0.3617,-0.026,0.3877,True,uncertain,Uncertain
2026-08-10T04:57:25.928809,517a844a-ba40-4ace-a033-b8bc81951a19,1,6,0.7054,0.7437,738.98,27.15,46.4,teak,0.9226,0.0017,-0.4205,-2.6707,0.9494,-0.352,-0.026,-0.326,False,uncertain,Uncertain
2026-08-10T04:59:42.858214,ff6e708e-275e-442f-bcd2-711475e5f14d,1,3,0.8984,0.9936,1323.11,37.36,107.21,rubber,0.9484,0.0016,-0.4216,-2.6995,0.8516,-0.358,-0.026,-0.3319,False,known,rubber
2026-08-10T04:59:42.858214,ff6e708e-275e-442f-bcd2-711475e5f14d,1,4,0.8979,0.9964,1511.09,38.86,101.67,rubber,0.9352,0.0037,-0.4014,-2.5745,1.2759,-0.3175,-0.026,-0.2915,False,known,rubber
2026-08-10T04:59:42.867760,ff6e708e-275e-442f-bcd2-711475e5f14d,1,5,0.8973,0.9891,1497.64,41.45,96.01,rubber,0.9327,0.0047,-0.3926,-2.51,1.495,-0.2982,-0.026,-0.2722,False,known,rubber
2026-08-10T04:59:42.870241,ff6e708e-275e-442f-bcd2-711475e5f14d,2,3,0.8169,0.9853,2287.04,31.13,58.07,mahogany,0.9384,0.0008,-0.4286,-2.8217,0.4368,-0.3854,-0.026,-0.3593,False,known,mahogany
2026-08-10T04:59:42.870241,ff6e708e-275e-442f-bcd2-711475e5f14d,2,4,0.813,0.9834,2127.2,29.82,58.97,mahogany,0.9375,0.0007,-0.4303,-2.7827,0.5691,-0.3803,-0.026,-0.3543,False,known,mahogany
2026-08-10T04:59:42.870241,ff6e708e-275e-442f-bcd2-711475e5f14d,2,5,0.8096,0.989,1941.41,28.46,58.3,mahogany,0.9374,0.0007,-0.4301,-2.7803,0.5771,-0.3798,-0.026,-0.3538,False,known,mahogany
2026-08-10T04:59:42.872550,ff6e708e-275e-442f-bcd2-711475e5f14d,3,2,0.905,0.9902,3422.85,43.49,96.4,mahogany,0.943,0.0006,-0.4311,-2.8287,0.4129,-0.3889,-0.026,-0.3629,False,known,mahogany
2026-08-10T04:59:42.872550,ff6e708e-275e-442f-bcd2-711475e5f14d,3,4,0.9028,0.9896,3327.59,42.69,97.02,mahogany,0.9481,0.0004,-0.4325,-2.8944,0.1898,-0.4014,-0.026,-0.3754,False,known,mahogany
2026-08-10T04:59:42.872550,ff6e708e-275e-442f-bcd2-711475e5f14d,3,3,0.9023,0.9935,3390.49,42.57,95.78,mahogany,0.9458,0.0005,-0.4317,-2.8604,0.3053,-0.3948,-0.026,-0.3688,False,known,mahogany
2026-08-10T05:14:57.328216,0539a6a9-2512-4e64-82c9-cd7d796283ae,1,1,0.8014,0.8384,186.95,35.68,75.66,teak,0.9445,0.0011,-0.4266,-2.9635,-0.0446,-0.4075,-0.026,-0.3815,False,known,teak
2026-08-10T05:26:34.373802,420e11c8-c238-458a-9453-ae33dc34d216,1,6,0.9169,0.8655,3652.78,62.7,158.12,teak,0.9488,0.0012,-0.4258,-2.9922,-0.1422,-0.4116,-0.026,-0.3856,False,known,teak
2026-08-10T05:26:34.375204,420e11c8-c238-458a-9453-ae33dc34d216,1,5,0.8948,0.7926,4856.27,65.98,155.22,teak,0.9412,0.0042,-0.3969,-2.9244,0.0879,-0.3726,-0.026,-0.3466,False,known,teak
2026-08-10T05:26:34.376210,420e11c8-c238-458a-9453-ae33dc34d216,1,4,0.8744,0.7834,4345.59,60.91,169.83,rubber,0.6065,0.1694,1.1603,-1.6722,4.3395,1.3193,-0.026,1.3453,True,known,teak
2026-08-10T05:26:34.376210,420e11c8-c238-458a-9453-ae33dc34d216,2,6,0.8586,0.8028,3247.32,54.92,174.58,teak,0.829,0.0443,-0.0187,-2.1817,2.6098,0.1127,-0.026,0.1387,True,open_set_rejected,Unknown / Unrecognized species
2026-08-10T05:26:34.376210,420e11c8-c238-458a-9453-ae33dc34d216,2,5,0.8252,0.8146,2602.0,48.55,188.48,teak,0.5837,0.1594,1.0668,-1.7363,4.1218,1.2195,-0.026,1.2456,True,open_set_rejected,Unknown / Unrecognized species
2026-08-10T05:26:34.376989,420e11c8-c238-458a-9453-ae33dc34d216,2,4,0.7979,0.8456,1627.02,39.15,194.28,teak,0.6144,0.1441,0.9219,-1.7037,4.2326,1.0875,-0.026,1.1135,True,open_set_rejected,Unknown / Unrecognized species
2026-08-10T06:04:38.278456,96748d92-a2ca-4776-b69f-33c4d31d1f30,1,1,0.7381,0.6325,1961.65,41.15,187.38,rubber,0.8547,0.0319,-0.136,-2.108,2.8599,0.0138,-0.026,0.0398,True,open_set_rejected,Unknown / Unrecognized species
2026-08-10T06:04:38.279457,96748d92-a2ca-4776-b69f-33c4d31d1f30,2,1,0.74,0.5765,2999.76,45.73,182.11,teak,0.8433,0.04,-0.0592,-2.2445,2.3962,0.0636,-0.026,0.0896,True,open_set_rejected,Unknown / Unrecognized species
2026-08-10T06:06:01.922940,9f67a984-adcc-4898-b991-0dd5fae137a5,1,1,0.7649,0.8511,1300.03,26.89,65.76,teak,0.9332,0.0007,-0.4297,-2.7798,0.5789,-0.3793,-0.026,-0.3533,False,known,teak
2026-08-10T06:06:04.105006,1f7f2617-18f0-42d5-affc-68633141f619,1,1,0.8272,0.8189,1576.91,29.37,121.3,teak,0.9366,0.0006,-0.4306,-2.8285,0.4136,-0.3884,-0.026,-0.3624,False,known,teak
2026-08-10T06:08:14.140589,e8977601-0d46-424c-a105-0760bd1557ec,1,1,0.7381,0.6325,1961.65,41.15,187.38,rubber,0.8547,0.0319,-0.136,-2.108,2.8599,0.0138,-0.026,0.0398,True,open_set_rejected,Unknown / Unrecognized species
2026-08-10T06:08:14.141092,e8977601-0d46-424c-a105-0760bd1557ec,2,1,0.74,0.5765,2999.76,45.73,182.11,teak,0.8433,0.04,-0.0592,-2.2445,2.3962,0.0636,-0.026,0.0896,True,open_set_rejected,Unknown / Unrecognized species
2026-08-10T06:15:35.374006,c6ae82a8-fcce-4f6d-97e7-47d3d277e14d,1,1,0.7381,0.6325,1961.65,41.15,187.38,rubber,0.8547,0.0319,-0.136,-2.108,2.8599,0.0138,-0.026,0.0398,True,open_set_rejected,Unknown / Unrecognized species
2026-08-10T06:15:35.376015,c6ae82a8-fcce-4f6d-97e7-47d3d277e14d,2,1,0.74,0.5765,2999.76,45.73,182.11,teak,0.8433,0.04,-0.0592,-2.2445,2.3962,0.0636,-0.026,0.0896,True,open_set_rejected,Unknown / Unrecognized species
2026-08-10T06:16:41.740393,973c1b8b-927d-4d4a-8ded-970e39fbbb47,1,6,0.8334,0.9565,2446.5,38.13,194.18,rubber,0.9412,0.005,-0.3898,-2.6445,1.0383,-0.3184,-0.026,-0.2924,False,known,rubber
2026-08-10T06:16:41.740393,973c1b8b-927d-4d4a-8ded-970e39fbbb47,1,2,0.8052,0.8396,1219.67,39.05,186.02,rubber,0.9346,0.009,-0.3519,-2.6081,1.1618,-0.2762,-0.026,-0.2502,False,known,rubber
2026-08-10T06:16:41.741402,973c1b8b-927d-4d4a-8ded-970e39fbbb47,1,5,0.8002,0.9158,1553.47,33.15,196.21,rubber,0.9495,0.0011,-0.4263,-2.7013,0.8455,-0.3628,-0.026,-0.3367,False,known,rubber
2026-08-10T06:16:41.743041,973c1b8b-927d-4d4a-8ded-970e39fbbb47,2,5,0.9141,0.9607,4760.49,54.83,174.13,rubber,0.9118,0.0112,-0.3306,-2.4274,1.7755,-0.2253,-0.026,-0.1993,False,known,rubber
2026-08-10T06:16:41.743041,973c1b8b-927d-4d4a-8ded-970e39fbbb47,2,4,0.8982,0.9538,4610.47,53.22,181.08,rubber,0.9483,0.0016,-0.4211,-2.7057,0.8304,-0.3585,-0.026,-0.3325,False,known,rubber
2026-08-10T06:16:41.743041,973c1b8b-927d-4d4a-8ded-970e39fbbb47,2,6,0.8718,0.9604,2973.77,45.8,184.48,rubber,0.8852,0.0286,-0.1668,-2.2996,2.2092,-0.048,-0.026,-0.022,False,known,rubber
2026-08-10T13:28:43.025931,5df16caa-8f92-4479-8733-c498dd4de702,1,3,0.8878,0.9966,2014.13,27.04,126.57,teak,0.9385,0.0008,-0.4287,-2.8722,0.2651,-0.394,-0.026,-0.368,False,known,teak
2026-08-10T13:28:43.026936,5df16caa-8f92-4479-8733-c498dd4de702,1,2,0.8849,0.9973,2029.83,31.76,110.52,teak,0.914,0.0072,-0.3688,-2.6243,1.107,-0.295,-0.026,-0.269,False,known,teak
2026-08-10T13:28:43.027933,5df16caa-8f92-4479-8733-c498dd4de702,1,4,0.8704,0.9899,1783.29,24.39,133.73,teak,0.9376,0.0002,-0.4344,-2.8552,0.3229,-0.3966,-0.026,-0.3706,False,known,teak
2026-08-10T13:31:31.086563,e9ccff91-7f24-462a-b90d-54f963ecf53c,1,3,0.8277,0.8976,907.16,36.2,176.04,teak,0.9146,0.0054,-0.3859,-2.5777,1.265,-0.3034,-0.026,-0.2774,False,known,teak
2026-08-10T13:31:31.087562,e9ccff91-7f24-462a-b90d-54f963ecf53c,1,2,0.8202,0.931,504.39,30.11,175.11,teak,0.9358,0.0009,-0.4277,-2.7857,0.5588,-0.3783,-0.026,-0.3523,False,known,teak
2026-08-10T13:31:31.087562,e9ccff91-7f24-462a-b90d-54f963ecf53c,1,6,0.8066,0.616,4046.34,57.43,170.37,teak,0.9386,0.0042,-0.3972,-2.872,0.2658,-0.3641,-0.026,-0.338,False,known,teak
2026-08-10T13:31:31.087562,e9ccff91-7f24-462a-b90d-54f963ecf53c,2,6,0.838,0.7778,3350.66,52.91,179.04,teak,0.8583,0.031,-0.1441,-2.2908,2.2391,-0.0249,-0.026,0.0011,True,open_set_rejected,Unknown / Unrecognized species
2026-08-10T13:31:31.088562,e9ccff91-7f24-462a-b90d-54f963ecf53c,2,5,0.8027,0.7897,2536.57,45.63,191.92,rubber,0.5214,0.201,1.4583,-1.6525,4.4065,1.6057,-0.026,1.6317,True,open_set_rejected,Unknown / Unrecognized species
2026-08-10T13:31:31.088562,e9ccff91-7f24-462a-b90d-54f963ecf53c,2,4,0.7967,0.842,1605.75,39.11,194.13,rubber,0.5646,0.1839,1.2971,-1.6547,4.3988,1.4522,-0.026,1.4782,True,open_set_rejected,Unknown / Unrecognized species
2026-08-10T13:32:25.466478,49d66c7e-3007-44bd-8b02-6637132823df,1,6,0.8786,0.9057,4354.12,58.25,57.27,teak,0.9026,0.0094,-0.3483,-2.5491,1.3624,-0.2628,-0.026,-0.2367,False,known,teak
2026-08-10T13:32:25.466478,49d66c7e-3007-44bd-8b02-6637132823df,1,5,0.8627,0.8139,3104.41,59.12,68.62,teak,0.925,0.0058,-0.3818,-2.6541,1.0057,-0.3124,-0.026,-0.2864,False,known,teak
2026-08-10T13:32:25.466478,49d66c7e-3007-44bd-8b02-6637132823df,1,4,0.8344,0.7468,1756.03,52.51,83.28,teak,0.7707,0.0541,0.0733,-1.9915,3.2554,0.2324,-0.026,0.2584,True,known,teak
2026-08-10T16:39:18.330546,fa36e4be-3705-4f5e-84b9-493c13c543b4,1,6,0.8334,0.9565,2446.5,38.13,194.18,rubber,0.9412,0.005,-0.3898,-2.6445,1.0383,-0.3184,-0.026,-0.2924,False,known,rubber
2026-08-10T16:39:18.332457,fa36e4be-3705-4f5e-84b9-493c13c543b4,1,2,0.8052,0.8396,1219.67,39.05,186.02,rubber,0.9346,0.009,-0.3519,-2.6081,1.1618,-0.2762,-0.026,-0.2502,False,known,rubber
2026-08-10T16:39:18.332457,fa36e4be-3705-4f5e-84b9-493c13c543b4,1,5,0.8002,0.9158,1553.47,33.15,196.21,rubber,0.9495,0.0011,-0.4263,-2.7013,0.8455,-0.3628,-0.026,-0.3367,False,known,rubber
2026-08-10T16:39:18.332457,fa36e4be-3705-4f5e-84b9-493c13c543b4,2,5,0.9141,0.9607,4760.49,54.83,174.13,rubber,0.9118,0.0112,-0.3306,-2.4274,1.7755,-0.2253,-0.026,-0.1993,False,known,rubber
2026-08-10T16:39:18.332457,fa36e4be-3705-4f5e-84b9-493c13c543b4,2,4,0.8982,0.9538,4610.47,53.22,181.08,rubber,0.9483,0.0016,-0.4211,-2.7057,0.8304,-0.3585,-0.026,-0.3325,False,known,rubber
2026-08-10T16:39:18.332457,fa36e4be-3705-4f5e-84b9-493c13c543b4,2,6,0.8718,0.9604,2973.77,45.8,184.48,rubber,0.8852,0.0286,-0.1668,-2.2996,2.2092,-0.048,-0.026,-0.022,False,known,rubber
2026-08-10T18:18:17.140071,df3019b9-90fc-4ec1-b506-4d9e2728ad63,1,6,0.8334,0.9565,2446.5,38.13,194.18,rubber,0.9412,0.005,-0.3898,-2.6445,1.0383,-0.3184,-0.026,-0.2924,False,known,rubber
2026-08-10T18:18:17.141711,df3019b9-90fc-4ec1-b506-4d9e2728ad63,1,2,0.8052,0.8396,1219.67,39.05,186.02,rubber,0.9346,0.009,-0.3519,-2.6081,1.1618,-0.2762,-0.026,-0.2502,False,known,rubber
2026-08-10T18:18:17.141711,df3019b9-90fc-4ec1-b506-4d9e2728ad63,1,5,0.8002,0.9158,1553.47,33.15,196.21,rubber,0.9495,0.0011,-0.4263,-2.7013,0.8455,-0.3628,-0.026,-0.3367,False,known,rubber
2026-08-10T18:18:17.141711,df3019b9-90fc-4ec1-b506-4d9e2728ad63,2,5,0.9141,0.9607,4760.49,54.83,174.13,rubber,0.9118,0.0112,-0.3306,-2.4274,1.7755,-0.2253,-0.026,-0.1993,False,known,rubber
2026-08-10T18:18:17.141711,df3019b9-90fc-4ec1-b506-4d9e2728ad63,2,4,0.8982,0.9538,4610.47,53.22,181.08,rubber,0.9483,0.0016,-0.4211,-2.7057,0.8304,-0.3585,-0.026,-0.3325,False,known,rubber
2026-08-10T18:18:17.141711,df3019b9-90fc-4ec1-b506-4d9e2728ad63,2,6,0.8718,0.9604,2973.77,45.8,184.48,rubber,0.8852,0.0286,-0.1668,-2.2996,2.2092,-0.048,-0.026,-0.022,False,known,rubber
2026-08-10T18:29:42.927754,a264a8fd-de60-4a65-9f68-b071b8c2122e,1,6,0.8334,0.9565,2446.5,38.13,194.18,rubber,0.9412,0.005,-0.3898,-2.6445,1.0383,-0.3184,-0.026,-0.2924,False,known,rubber
2026-08-10T18:29:42.929771,a264a8fd-de60-4a65-9f68-b071b8c2122e,1,2,0.8052,0.8396,1219.67,39.05,186.02,rubber,0.9346,0.009,-0.3519,-2.6081,1.1618,-0.2762,-0.026,-0.2502,False,known,rubber
2026-08-10T18:29:42.929771,a264a8fd-de60-4a65-9f68-b071b8c2122e,1,5,0.8002,0.9158,1553.47,33.15,196.21,rubber,0.9495,0.0011,-0.4263,-2.7013,0.8455,-0.3628,-0.026,-0.3367,False,known,rubber
2026-08-10T18:29:42.931790,a264a8fd-de60-4a65-9f68-b071b8c2122e,2,5,0.9141,0.9607,4760.49,54.83,174.13,rubber,0.9118,0.0112,-0.3306,-2.4274,1.7755,-0.2253,-0.026,-0.1993,False,known,rubber
2026-08-10T18:29:42.931790,a264a8fd-de60-4a65-9f68-b071b8c2122e,2,4,0.8982,0.9538,4610.47,53.22,181.08,rubber,0.9483,0.0016,-0.4211,-2.7057,0.8304,-0.3585,-0.026,-0.3325,False,known,rubber
2026-08-10T18:29:42.933803,a264a8fd-de60-4a65-9f68-b071b8c2122e,2,6,0.8718,0.9604,2973.77,45.8,184.48,rubber,0.8852,0.0286,-0.1668,-2.2996,2.2092,-0.048,-0.026,-0.022,False,known,rubber
2026-08-10T18:35:33.693184,d09daf57-4fbb-4002-b39c-37e9198535cc,1,6,0.8334,0.9565,2446.5,38.13,194.18,rubber,0.9412,0.005,-0.3898,-2.6445,1.0383,-0.3184,-0.026,-0.2924,False,known,rubber
2026-08-10T18:35:33.695196,d09daf57-4fbb-4002-b39c-37e9198535cc,1,2,0.8052,0.8396,1219.67,39.05,186.02,rubber,0.9346,0.009,-0.3519,-2.6081,1.1618,-0.2762,-0.026,-0.2502,False,known,rubber
2026-08-10T18:35:33.695196,d09daf57-4fbb-4002-b39c-37e9198535cc,1,5,0.8002,0.9158,1553.47,33.15,196.21,rubber,0.9495,0.0011,-0.4263,-2.7013,0.8455,-0.3628,-0.026,-0.3367,False,known,rubber
2026-08-10T18:35:33.697212,d09daf57-4fbb-4002-b39c-37e9198535cc,2,5,0.9141,0.9607,4760.49,54.83,174.13,rubber,0.9118,0.0112,-0.3306,-2.4274,1.7755,-0.2253,-0.026,-0.1993,False,known,rubber
2026-08-10T18:35:33.697212,d09daf57-4fbb-4002-b39c-37e9198535cc,2,4,0.8982,0.9538,4610.47,53.22,181.08,rubber,0.9483,0.0016,-0.4211,-2.7057,0.8304,-0.3585,-0.026,-0.3325,False,known,rubber
2026-08-10T18:35:33.699231,d09daf57-4fbb-4002-b39c-37e9198535cc,2,6,0.8718,0.9604,2973.77,45.8,184.48,rubber,0.8852,0.0286,-0.1668,-2.2996,2.2092,-0.048,-0.026,-0.022,False,known,rubber
2026-08-10T18:36:22.766412,efd304a4-c50d-428b-8d01-8979c6c44a9b,1,6,0.8334,0.9565,2446.5,38.13,194.18,rubber,0.9412,0.005,-0.3898,-2.6445,1.0383,-0.3184,-0.026,-0.2924,False,known,rubber
2026-08-10T18:36:22.766412,efd304a4-c50d-428b-8d01-8979c6c44a9b,1,2,0.8052,0.8396,1219.67,39.05,186.02,rubber,0.9346,0.009,-0.3519,-2.6081,1.1618,-0.2762,-0.026,-0.2502,False,known,rubber
2026-08-10T18:36:22.768421,efd304a4-c50d-428b-8d01-8979c6c44a9b,1,5,0.8002,0.9158,1553.47,33.15,196.21,rubber,0.9495,0.0011,-0.4263,-2.7013,0.8455,-0.3628,-0.026,-0.3367,False,known,rubber
2026-08-10T18:36:22.769576,efd304a4-c50d-428b-8d01-8979c6c44a9b,2,5,0.9141,0.9607,4760.49,54.83,174.13,rubber,0.9118,0.0112,-0.3306,-2.4274,1.7755,-0.2253,-0.026,-0.1993,False,known,rubber
2026-08-10T18:36:22.770159,efd304a4-c50d-428b-8d01-8979c6c44a9b,2,4,0.8982,0.9538,4610.47,53.22,181.08,rubber,0.9483,0.0016,-0.4211,-2.7057,0.8304,-0.3585,-0.026,-0.3325,False,known,rubber
2026-08-10T18:36:22.770159,efd304a4-c50d-428b-8d01-8979c6c44a9b,2,6,0.8718,0.9604,2973.77,45.8,184.48,rubber,0.8852,0.0286,-0.1668,-2.2996,2.2092,-0.048,-0.026,-0.022,False,known,rubber
2026-08-10T18:38:55.064458,4c89e285-93d9-4cb1-8409-6b457c907778,1,6,0.8334,0.9565,2446.5,38.13,194.18,rubber,0.9412,0.005,-0.3898,-2.6445,1.0383,-0.3184,-0.026,-0.2924,False,known,rubber
2026-08-10T18:38:55.066473,4c89e285-93d9-4cb1-8409-6b457c907778,1,2,0.8052,0.8396,1219.67,39.05,186.02,rubber,0.9346,0.009,-0.3519,-2.6081,1.1618,-0.2762,-0.026,-0.2502,False,known,rubber
2026-08-10T18:38:55.067499,4c89e285-93d9-4cb1-8409-6b457c907778,1,5,0.8002,0.9158,1553.47,33.15,196.21,rubber,0.9495,0.0011,-0.4263,-2.7013,0.8455,-0.3628,-0.026,-0.3367,False,known,rubber
2026-08-10T18:38:55.067499,4c89e285-93d9-4cb1-8409-6b457c907778,2,5,0.9141,0.9607,4760.49,54.83,174.13,rubber,0.9118,0.0112,-0.3306,-2.4274,1.7755,-0.2253,-0.026,-0.1993,False,known,rubber
2026-08-10T18:38:55.069517,4c89e285-93d9-4cb1-8409-6b457c907778,2,4,0.8982,0.9538,4610.47,53.22,181.08,rubber,0.9483,0.0016,-0.4211,-2.7057,0.8304,-0.3585,-0.026,-0.3325,False,known,rubber
2026-08-10T18:38:55.069517,4c89e285-93d9-4cb1-8409-6b457c907778,2,6,0.8718,0.9604,2973.77,45.8,184.48,rubber,0.8852,0.0286,-0.1668,-2.2996,2.2092,-0.048,-0.026,-0.022,False,known,rubber
2026-08-10T18:40:53.732159,fc018bf2-7f68-41cd-8429-8965766ec40f,1,3,0.8862,0.9988,1420.95,29.29,118.13,teak,0.9372,0.001,-0.4274,-2.8547,0.3245,-0.3898,-0.026,-0.3638,False,known,teak
2026-08-10T18:40:53.732159,fc018bf2-7f68-41cd-8429-8965766ec40f,1,4,0.8712,0.9897,1203.44,23.22,129.73,teak,0.9368,0.0003,-0.4334,-2.8351,0.3913,-0.3921,-0.026,-0.3661,False,known,teak
2026-08-10T18:40:53.735599,fc018bf2-7f68-41cd-8429-8965766ec40f,1,2,0.8628,0.9765,1293.64,31.15,99.59,teak,0.9376,0.0004,-0.4328,-2.8555,0.3218,-0.3951,-0.026,-0.3691,False,known,teak
2026-08-10T18:42:31.364831,371ccfd1-cf05-4f39-8a04-dd80014ea7cb,1,3,0.8882,0.9955,2010.44,27.06,127.12,teak,0.9384,0.0008,-0.4293,-2.8724,0.2645,-0.3946,-0.026,-0.3686,False,known,teak
2026-08-10T18:42:31.368434,371ccfd1-cf05-4f39-8a04-dd80014ea7cb,1,2,0.8857,0.9983,2051.85,31.78,110.84,teak,0.9193,0.006,-0.3797,-2.6662,0.9645,-0.3125,-0.026,-0.2865,False,known,teak
2026-08-10T18:42:31.368434,371ccfd1-cf05-4f39-8a04-dd80014ea7cb,1,4,0.8719,0.9913,1771.33,24.63,133.59,teak,0.9367,0.0003,-0.434,-2.8477,0.3484,-0.3949,-0.026,-0.3689,False,known,teak
2026-08-10T18:46:37.754883,3e76ee38-7893-492b-983b-53867e79d28c,1,3,0.8862,0.9988,1420.95,29.29,118.13,teak,0.9372,0.001,-0.4274,-2.8547,0.3245,-0.3898,-0.026,-0.3638,False,known,teak
2026-08-10T18:46:37.754883,3e76ee38-7893-492b-983b-53867e79d28c,1,4,0.8712,0.9897,1203.44,23.22,129.73,teak,0.9368,0.0003,-0.4334,-2.8351,0.3913,-0.3921,-0.026,-0.3661,False,known,teak
2026-08-10T18:46:37.759474,3e76ee38-7893-492b-983b-53867e79d28c,1,2,0.8628,0.9765,1293.64,31.15,99.59,teak,0.9376,0.0004,-0.4328,-2.8555,0.3218,-0.3951,-0.026,-0.3691,False,known,teak
2026-08-10T18:50:57.904814,55d639f2-27b8-4b8c-82b8-31331b5de95d,1,2,0.8688,0.9989,2090.61,27.54,108.27,teak,0.9417,0.0002,-0.4345,-2.8997,0.1718,-0.4041,-0.026,-0.3781,False,known,teak
2026-08-10T18:50:57.905828,55d639f2-27b8-4b8c-82b8-31331b5de95d,1,3,0.8685,1.0,2195.76,26.54,110.5,teak,0.9425,0.0002,-0.4344,-2.9147,0.121,-0.4066,-0.026,-0.3806,False,known,teak
2026-08-10T18:50:57.905828,55d639f2-27b8-4b8c-82b8-31331b5de95d,1,4,0.8628,0.9987,2183.6,25.95,107.71,teak,0.9412,0.0003,-0.4335,-2.8893,0.2072,-0.4015,-0.026,-0.3755,False,known,teak
2026-08-10T18:52:10.928690,fd9cd593-5f69-477c-a7ca-46291e2123f5,1,2,0.8688,0.9989,2090.61,27.54,108.27,teak,0.9417,0.0002,-0.4345,-2.8997,0.1718,-0.4041,-0.026,-0.3781,False,known,teak
2026-08-10T18:52:10.928690,fd9cd593-5f69-477c-a7ca-46291e2123f5,1,3,0.8685,1.0,2195.76,26.54,110.5,teak,0.9425,0.0002,-0.4344,-2.9147,0.121,-0.4066,-0.026,-0.3806,False,known,teak
2026-08-10T18:52:10.932758,fd9cd593-5f69-477c-a7ca-46291e2123f5,1,4,0.8628,0.9987,2183.6,25.95,107.71,teak,0.9412,0.0003,-0.4335,-2.8893,0.2072,-0.4015,-0.026,-0.3755,False,known,teak
2026-08-11T03:57:18.153997,392df22c-177f-42fe-9ade-7968047b6a75,1,6,0.8334,0.9565,2446.5,38.13,194.18,rubber,0.9412,0.005,-0.3898,-2.6445,1.0383,-0.3184,-0.026,-0.2924,False,known,rubber
2026-08-11T03:57:18.153997,392df22c-177f-42fe-9ade-7968047b6a75,1,2,0.8052,0.8396,1219.67,39.05,186.02,rubber,0.9346,0.009,-0.3519,-2.6081,1.1618,-0.2762,-0.026,-0.2502,False,known,rubber
2026-08-11T03:57:18.153997,392df22c-177f-42fe-9ade-7968047b6a75,1,5,0.8002,0.9158,1553.47,33.15,196.21,rubber,0.9495,0.0011,-0.4263,-2.7013,0.8455,-0.3628,-0.026,-0.3367,False,known,rubber
2026-08-11T03:57:18.153997,392df22c-177f-42fe-9ade-7968047b6a75,2,5,0.9141,0.9607,4760.49,54.83,174.13,rubber,0.9118,0.0112,-0.3306,-2.4274,1.7755,-0.2253,-0.026,-0.1993,False,known,rubber
2026-08-11T03:57:18.153997,392df22c-177f-42fe-9ade-7968047b6a75,2,4,0.8982,0.9538,4610.47,53.22,181.08,rubber,0.9483,0.0016,-0.4211,-2.7057,0.8304,-0.3585,-0.026,-0.3325,False,known,rubber
2026-08-11T03:57:18.153997,392df22c-177f-42fe-9ade-7968047b6a75,2,6,0.8718,0.9604,2973.77,45.8,184.48,rubber,0.8852,0.0286,-0.1668,-2.2996,2.2092,-0.048,-0.026,-0.022,False,known,rubber
2026-08-11T03:58:06.336026,db60b641-919c-49b2-9d54-2145b28bcfb5,1,6,0.8334,0.9565,2446.5,38.13,194.18,rubber,0.9412,0.005,-0.3898,-2.6445,1.0383,-0.3184,-0.026,-0.2924,False,known,rubber
2026-08-11T03:58:06.336026,db60b641-919c-49b2-9d54-2145b28bcfb5,1,2,0.8052,0.8396,1219.67,39.05,186.02,rubber,0.9346,0.009,-0.3519,-2.6081,1.1618,-0.2762,-0.026,-0.2502,False,known,rubber
2026-08-11T03:58:06.336026,db60b641-919c-49b2-9d54-2145b28bcfb5,1,5,0.8002,0.9158,1553.47,33.15,196.21,rubber,0.9495,0.0011,-0.4263,-2.7013,0.8455,-0.3628,-0.026,-0.3367,False,known,rubber
2026-08-11T03:58:06.336026,db60b641-919c-49b2-9d54-2145b28bcfb5,2,5,0.9141,0.9607,4760.49,54.83,174.13,rubber,0.9118,0.0112,-0.3306,-2.4274,1.7755,-0.2253,-0.026,-0.1993,False,known,rubber
2026-08-11T03:58:06.336026,db60b641-919c-49b2-9d54-2145b28bcfb5,2,4,0.8982,0.9538,4610.47,53.22,181.08,rubber,0.9483,0.0016,-0.4211,-2.7057,0.8304,-0.3585,-0.026,-0.3325,False,known,rubber
2026-08-11T03:58:06.336026,db60b641-919c-49b2-9d54-2145b28bcfb5,2,6,0.8718,0.9604,2973.77,45.8,184.48,rubber,0.8852,0.0286,-0.1668,-2.2996,2.2092,-0.048,-0.026,-0.022,False,known,rubber
2026-08-11T05:45:46.469879,adc5d077-0d9b-4f0f-801a-3cfcdb24a499,1,3,0.8862,0.9988,1420.95,29.29,118.13,teak,0.9372,0.001,-0.4274,-2.8547,0.3245,-0.3898,-0.026,-0.3638,False,known,teak
2026-08-11T05:45:46.469879,adc5d077-0d9b-4f0f-801a-3cfcdb24a499,1,4,0.8712,0.9897,1203.44,23.22,129.73,teak,0.9368,0.0003,-0.4334,-2.8351,0.3913,-0.3921,-0.026,-0.3661,False,known,teak
2026-08-11T05:45:46.471892,adc5d077-0d9b-4f0f-801a-3cfcdb24a499,1,2,0.8628,0.9765,1293.64,31.15,99.59,teak,0.9376,0.0004,-0.4328,-2.8555,0.3218,-0.3951,-0.026,-0.3691,False,known,teak
2026-08-11T08:22:25.096447,a59ee3a4-f028-470c-a006-9b3c1e93d91c,1,6,0.8334,0.9565,2446.5,38.13,194.18,rubber,0.9412,0.005,-0.3898,-2.6445,1.0383,-0.3184,-0.026,-0.2924,False,known,rubber
2026-08-11T08:22:25.098457,a59ee3a4-f028-470c-a006-9b3c1e93d91c,1,2,0.8052,0.8396,1219.67,39.05,186.02,rubber,0.9346,0.009,-0.3519,-2.6081,1.1618,-0.2762,-0.026,-0.2502,False,known,rubber
2026-08-11T08:22:25.098457,a59ee3a4-f028-470c-a006-9b3c1e93d91c,1,5,0.8002,0.9158,1553.47,33.15,196.21,rubber,0.9495,0.0011,-0.4263,-2.7013,0.8455,-0.3628,-0.026,-0.3367,False,known,rubber
2026-08-11T08:22:25.098457,a59ee3a4-f028-470c-a006-9b3c1e93d91c,2,5,0.9141,0.9607,4760.49,54.83,174.13,rubber,0.9118,0.0112,-0.3306,-2.4274,1.7755,-0.2253,-0.026,-0.1993,False,known,rubber
2026-08-11T08:22:25.100467,a59ee3a4-f028-470c-a006-9b3c1e93d91c,2,4,0.8982,0.9538,4610.47,53.22,181.08,rubber,0.9483,0.0016,-0.4211,-2.7057,0.8304,-0.3585,-0.026,-0.3325,False,known,rubber
2026-08-11T08:22:25.100467,a59ee3a4-f028-470c-a006-9b3c1e93d91c,2,6,0.8718,0.9604,2973.77,45.8,184.48,rubber,0.8852,0.0286,-0.1668,-2.2996,2.2092,-0.048,-0.026,-0.022,False,known,rubber
2026-08-11T08:31:41.306306,786f2432-3d94-416f-a35c-5af88828d5f1,1,3,0.8882,0.9955,2010.44,27.06,127.12,teak,0.9384,0.0008,-0.4293,-2.8724,0.2645,-0.3946,-0.026,-0.3686,False,known,teak
2026-08-11T08:31:41.306306,786f2432-3d94-416f-a35c-5af88828d5f1,1,2,0.8857,0.9983,2051.85,31.78,110.84,teak,0.9193,0.006,-0.3797,-2.6662,0.9645,-0.3125,-0.026,-0.2865,False,known,teak
2026-08-11T08:31:41.306306,786f2432-3d94-416f-a35c-5af88828d5f1,1,4,0.8719,0.9913,1771.33,24.63,133.59,teak,0.9367,0.0003,-0.434,-2.8477,0.3484,-0.3949,-0.026,-0.3689,False,known,teak
2026-08-11T08:34:36.132080,1eff0341-a078-405f-a199-56159dd932ab,1,2,0.7873,0.735,604.27,42.78,74.31,teak,0.8335,0.0373,-0.0845,-2.168,2.6562,0.0525,-0.026,0.0785,True,uncertain,Uncertain
2026-08-11T08:34:36.132080,1eff0341-a078-405f-a199-56159dd932ab,1,3,0.7337,0.7452,344.37,30.91,59.39,teak,0.7542,0.067,0.195,-1.911,3.5287,0.3617,-0.026,0.3877,True,uncertain,Uncertain
2026-08-11T08:34:36.135233,1eff0341-a078-405f-a199-56159dd932ab,1,6,0.7054,0.7437,738.98,27.15,46.4,teak,0.9226,0.0017,-0.4205,-2.6707,0.9494,-0.352,-0.026,-0.326,False,uncertain,Uncertain
2026-08-12T06:30:06.257636,0919cf76-3c7d-4312-92d4-70374bd83c97,1,6,0.8334,0.9565,2446.5,38.13,194.18,rubber,0.9412,0.005,-0.3898,-2.6445,1.0383,-0.3184,-0.026,-0.2924,False,known,rubber
2026-08-12T06:30:06.257636,0919cf76-3c7d-4312-92d4-70374bd83c97,1,2,0.8052,0.8396,1219.67,39.05,186.02,rubber,0.9346,0.009,-0.3519,-2.6081,1.1618,-0.2762,-0.026,-0.2502,False,known,rubber
2026-08-12T06:30:06.257636,0919cf76-3c7d-4312-92d4-70374bd83c97,1,5,0.8002,0.9158,1553.47,33.15,196.21,rubber,0.9495,0.0011,-0.4263,-2.7013,0.8455,-0.3628,-0.026,-0.3367,False,known,rubber
2026-08-12T06:30:06.259640,0919cf76-3c7d-4312-92d4-70374bd83c97,2,5,0.9141,0.9607,4760.49,54.83,174.13,rubber,0.9118,0.0112,-0.3306,-2.4274,1.7755,-0.2253,-0.026,-0.1993,False,known,rubber
2026-08-12T06:30:06.261388,0919cf76-3c7d-4312-92d4-70374bd83c97,2,4,0.8982,0.9538,4610.47,53.22,181.08,rubber,0.9483,0.0016,-0.4211,-2.7057,0.8304,-0.3585,-0.026,-0.3325,False,known,rubber
2026-08-12T06:30:06.261388,0919cf76-3c7d-4312-92d4-70374bd83c97,2,6,0.8718,0.9604,2973.77,45.8,184.48,rubber,0.8852,0.0286,-0.1668,-2.2996,2.2092,-0.048,-0.026,-0.022,False,known,rubber
2026-08-12T06:32:29.327609,3bcfb560-394c-472c-a7ed-e38b5abda3ae,1,3,0.8862,0.9988,1420.95,29.29,118.13,teak,0.9372,0.001,-0.4274,-2.8547,0.3245,-0.3898,-0.026,-0.3638,False,known,teak
2026-08-12T06:32:29.327609,3bcfb560-394c-472c-a7ed-e38b5abda3ae,1,4,0.8712,0.9897,1203.44,23.22,129.73,teak,0.9368,0.0003,-0.4334,-2.8351,0.3913,-0.3921,-0.026,-0.3661,False,known,teak
2026-08-12T06:32:29.327609,3bcfb560-394c-472c-a7ed-e38b5abda3ae,1,2,0.8628,0.9765,1293.64,31.15,99.59,teak,0.9376,0.0004,-0.4328,-2.8555,0.3218,-0.3951,-0.026,-0.3691,False,known,teak
2026-08-12T06:32:38.073778,cfca15ef-67ad-40e2-81b2-4692769b912e,1,3,0.8862,0.9988,1420.95,29.29,118.13,teak,0.9372,0.001,-0.4274,-2.8547,0.3245,-0.3898,-0.026,-0.3638,False,known,teak
2026-08-12T06:32:38.073778,cfca15ef-67ad-40e2-81b2-4692769b912e,1,4,0.8712,0.9897,1203.44,23.22,129.73,teak,0.9368,0.0003,-0.4334,-2.8351,0.3913,-0.3921,-0.026,-0.3661,False,known,teak
2026-08-12T06:32:38.073778,cfca15ef-67ad-40e2-81b2-4692769b912e,1,2,0.8628,0.9765,1293.64,31.15,99.59,teak,0.9376,0.0004,-0.4328,-2.8555,0.3218,-0.3951,-0.026,-0.3691,False,known,teak
2026-08-12T07:48:09.882029,32c6c4fd-d96d-4046-afb8-319ab4b7624f,1,3,0.8862,0.9988,1420.95,29.29,118.13,teak,0.9372,0.001,-0.4274,-2.8547,0.3245,-0.3898,-0.026,-0.3638,False,known,teak
2026-08-12T07:48:09.882029,32c6c4fd-d96d-4046-afb8-319ab4b7624f,1,4,0.8712,0.9897,1203.44,23.22,129.73,teak,0.9368,0.0003,-0.4334,-2.8351,0.3913,-0.3921,-0.026,-0.3661,False,known,teak
2026-08-12T07:48:09.887720,32c6c4fd-d96d-4046-afb8-319ab4b7624f,1,2,0.8628,0.9765,1293.64,31.15,99.59,teak,0.9376,0.0004,-0.4328,-2.8555,0.3218,-0.3951,-0.026,-0.3691,False,known,teak
2026-08-12T07:49:19.684353,0152b3ec-1d1d-48f4-833f-7d68fd85378e,1,6,0.8334,0.9565,2446.5,38.13,194.18,rubber,0.9412,0.005,-0.3898,-2.6445,1.0383,-0.3184,-0.026,-0.2924,False,known,rubber
2026-08-12T07:49:19.684353,0152b3ec-1d1d-48f4-833f-7d68fd85378e,1,2,0.8052,0.8396,1219.67,39.05,186.02,rubber,0.9346,0.009,-0.3519,-2.6081,1.1618,-0.2762,-0.026,-0.2502,False,known,rubber
2026-08-12T07:49:19.686356,0152b3ec-1d1d-48f4-833f-7d68fd85378e,1,5,0.8002,0.9158,1553.47,33.15,196.21,rubber,0.9495,0.0011,-0.4263,-2.7013,0.8455,-0.3628,-0.026,-0.3367,False,known,rubber
2026-08-12T07:49:19.686356,0152b3ec-1d1d-48f4-833f-7d68fd85378e,2,5,0.9141,0.9607,4760.49,54.83,174.13,rubber,0.9118,0.0112,-0.3306,-2.4274,1.7755,-0.2253,-0.026,-0.1993,False,known,rubber
2026-08-12T07:49:19.686356,0152b3ec-1d1d-48f4-833f-7d68fd85378e,2,4,0.8982,0.9538,4610.47,53.22,181.08,rubber,0.9483,0.0016,-0.4211,-2.7057,0.8304,-0.3585,-0.026,-0.3325,False,known,rubber
2026-08-12T07:49:19.686356,0152b3ec-1d1d-48f4-833f-7d68fd85378e,2,6,0.8718,0.9604,2973.77,45.8,184.48,rubber,0.8852,0.0286,-0.1668,-2.2996,2.2092,-0.048,-0.026,-0.022,False,known,rubber
